NO,개최년도,무역관,지속선정여부,전시회명(영문),전시회명(국문),전시회명(약),개최시작일자,개최종료일자,개최미정여부,모집시작일자,모집종료일자,국가,도시,개최유형,전시장,전시회 설명,전시회 특징,전시품목,개최규모,개최규모단위,산업분야,비고(전시회 신청정보),유관기관 지원 전시회 여부,s,월
1,2027,북미지역본부 애틀랜타무역관,N,2027 CPNA- COSMOPROF NORTH AMERICA,2027 미국 마이애미 코스모프로프 뷰티 전시회,CPNA- COSMOPROF NORTH AMERICA ,2027-01-01,2027-01-31,Y,,,미국,마이애미,오프라인,Miami Beach Convention Center,"뷰티 스킨 케어, 헤어 케어, 네일 케어, 세면도구, 향수, 유기농 미용 제품, 액세서리 분야의 소매 및 유통을 위한 비즈니스 기회를 창출할 수 있는 미주 지역 최고의 B2B 뷰티 무역 박람회.",,"뷰티 스킨 케어, 헤어 케어, 네일 케어, 세면도구, 향수, 유기농 미용 제품, 액세서리 분야",2000000,sqft (ft²),"뷰티&미용용품, 패션&섬유","★ 본 전시회는 주최측의 사정에 따라 개최일자 또는 개최 여부가 변동될 수 있으므로 전시회 참가 및 참관 전 반드시 주최자 또는 전시장으로 사전문의 바랍니다.



2026년도 전시회는 아직 개최되지 않아 주최 측에서 공식 성과 자료를 비공개함. 다만, 2025년도 기준 전체 참관객 수는 약 19,000명, 참가업체 수는 약 900개사, 참가국 수는 115개국임.",N,2027-01-01,1
2,2027,북미지역본부 뉴욕무역관,N,Luxe Pack New York,2027 미국 뉴욕 포장재 전시회,,2027-01-01,2027-01-31,Y,,,미국,뉴욕,오프라인,Jacob K. Javits Convention Center,"매년 뉴욕에서 개최되는 국제 럭셔리 패키징 B2B 행사 전시회로 제품 패키징 및 브랜딩 관련 산업 업체와 전문가들이 참가하며 전시회를 통해 럭셔리 브랜드, 화장품, 향수, 음료, 식품, 의료, 디자인 및 기타 관련 산업의 최신 패키징 트렌드와 기술을 확인하고 비즈니스 네트워킹 및 협력 기회를 경험 할 수 있음",,"포장재료, 포장기술, 포장 장비, 등",150000,sqft (ft²),"패션&섬유, 문구&선물","★본 전시회는 주최 측 사정에 따라 개최 일정 또는 개최 여부가 변경될 수 있으므로, 참가 및 참관 전 반드시 주최 측 또는 전시장에 사전 문의해 주시기 바랍니다. 

또한 주최 측에서는 전년도 참가 성과 관련 정보를 별도로 공개하지 않고 있음, 차년도 개최 일정 역시 현재까지 확정 및 공지되지 않은 상태입니다.",N,2027-01-01,1
3,2027,북미지역본부 뉴욕무역관,N,Interfiliere NY,2027 미국 뉴욕 수영복 및 란제리 전시회 [Interfiliere NY],,2027-01-01,2027-01-31,Y,,,미국,뉴욕,오프라인,Metropolitan Pavilion in New York,"Interfilière New York는 북미 란제리, 스윔웨어, 액티브웨어 산업을 위한 대표적인 원부자재·소싱 전문 전시회로, 원단·부자재 공급업체와 패션 브랜드, 디자이너, 소싱 담당자를 연결하는 B2B 행사이다.",,"란제리·스윔웨어·액티브웨어, 액세서리 등",150000,sqft (ft²),패션&섬유,"★본 전시회는 주최 측 사정에 따라 개최 일정 또는 개최 여부가 변경될 수 있으므로, 참가 및 참관 전 반드시 주최 측 또는 전시장에 사전 문의해 주시기 바랍니다. 

또한 주최 측에서는 전년도 참가 성과 관련 정보를 별도로 공개하지 않고 있으며, 차년도 개최 일정 역시 현재까지 확정 및 공지되지 않은 상태입니다.",N,2027-01-01,1
8,2027,북미지역본부 뉴욕무역관,N,SPIN EXPO,2027 미국 뉴욕 스핀 전시회 [SPIN],SPIN,2027-01-01,2027-01-31,Y,,,미국,뉴욕,오프라인,Metropolitan Pavilian,"미국 원사 직물 및 편직 전문 B2B 박람회로서 원사, 섬유(양말, 끈, 라벨 및 기술섬유) 및 니트(직물과 실내 장식) 산업을 주도적으로 이끄는 섬유 전문가들이 참가하는 업계 최고의 전시회",,"니트 직물(의류, 속옷), 원형 니트 (의류, 양말), 직물 (의류 직물), 양말/장갑/모자, 레이스/리본/자수",150000,sqft (ft²),패션&섬유,"★본 전시회는 주최 측 사정에 따라 개최 일정 또는 개최 여부가 변경될 수 있으므로, 참가 및 참관 전 반드시 주최 측 또는 전시장에 사전 문의해 주시기 바랍니다. 

또한 주최 측에서는 전년도 참가 성과 관련 정보를 별도로 공개하지 않고 있음, 차년도 개최 일정 역시 현재까지 확정 및 공지되지 않은 상태입니다.",N,2027-01-01,1
9,2027,북미지역본부 뉴욕무역관,N,Small Business Expo,2027 미국 뉴욕 중소기업 전시회 [SBE],SBE 추가요망,2027-01-01,2027-01-31,Y,,,미국,뉴욕,오프라인,Jacob K. Javits Convention Center,"매년 필라델피아, 라스베가스, 마이애미, 뉴욕 등 미국의 여러 도시에서 진행되는 중소기업 전문 전시회로 소규모 비즈니스 관련 다양한 상품과 서비스가 전시되며 소규모 비즈니스를 운영하거나 창업을 고려하는 사람들에게 유익한 정보와 네트워킹 및 비즈니스 기회를 제공함. 대규모 네트워킹 및 교육 행사인 만큼 세미나, 교육 세션 및 워크숍 등 비즈니스 운영에 필요한 전략, 마케팅, 재무 관리 등 다양한 주제를 다루는 프로그램이 마련됨",,"기술 제품(소프트웨어, IT 솔루션 등), 마케팅 서비스, 비지니스 컨설팅, 결제 시스템 등 소규모 비즈니스를 위한 다양한 제품 및 서비스",150000,sqft (ft²),"금융&비즈니스서비스, 레저&관광, 건강&스포츠, 생활용품&가구","★본 전시회는 주최 측 사정에 따라 개최 일정 또는 개최 여부가 변경될 수 있으므로, 참가 및 참관 전 반드시 주최 측 또는 전시장에 사전 문의해 주시기 바랍니다. 

또한 주최 측에서는 전년도 참가 성과 관련 정보를 별도로 공개하지 않고 있음",N,2027-01-01,1
10,2027,북미지역본부 뉴욕무역관,N,The Prego Expo,2027 미국 뉴욕 프레고 전시회 [The Prego Expo],The Prego Expo,2027-01-01,2027-01-31,Y,,,미국,뉴욕,오프라인,Metropolitan Pavilian,"부모 및 예비 출산 가족을 위한 전시회로 다양한 업계 전문가와 업체들이 참가해 유아용품, 임산부 의류, 관련 의료 서비스, 보육 서비스 등의 제품과 서비스를 소개하고, 전시 외에도 산전 관리, 모유 수유, 신생아 필수품 및 육아 팁과 같은 다양한 주제에 대해 전문가가 진행하는 세미나 및 워크숍 또한 제공됨",,임신 및 육아와 관련된 제품,150000,sqft (ft²),유아·아동&교육&임산부,"★본 전시회는 주최 측 사정에 따라 개최 일정 또는 개최 여부가 변경될 수 있으므로, 참가 및 참관 전 반드시 주최 측 또는 전시장에 사전 문의해 주시기 바랍니다. 

또한 주최 측에서는 전년도 참가 성과 관련 정보를 별도로 공개하지 않고 있으며, 차년도 개최 일정 역시 현재까지 확정 및 공지되지 않은 상태입니다.",N,2027-01-01,1
11,2027,북미지역본부 뉴욕무역관,N,Coterie New York,2027 미국 뉴욕 춘계 패션 코테리 전시회,,2027-01-01,2027-01-31,Y,,,미국,뉴욕,오프라인,Jacob K. Javits Convention Center,"미국 뉴욕 코트리 국제패션박람회는 세계 1위 전시주최기업인 Informa가 개최하는 세계 최대 규모의 여성럭셔리패션 전문전시회로 주최측의 엄격한 사전 심사과정을 통해 선별된 브랜드들만이 출품이 가능함. 선발과정이 매우 업격하고 권위가 있어 미국의 주요백화점들에 입점시에 각 백화점들은 코트리 참가실적들을 중요하게 평가함. 전체 방문 바이어들 중 80% 이상이 백화점, 셀렉샵, 온라인 쇼핑몰, 쇼룸 등 실질적인 패션 유통전문 바이어들로 전시회 주최측이 등급별로 관리 및 초청하는 VIBR(Very Important Buyer Relationship) 프로그램을 운영하고 있으며, 실질적인 거래 및 비즈니스 환경을 제공하기위해 다양한 편의시설과 프로그램을 운영함",,"여성 패션의류, 잡화 (액세사리, 가방), 패션 쥬얼리 등",150000,sqft (ft²),"패션&섬유, 쥬얼리","★본 전시회는 주최 측 사정에 따라 개최 일정 또는 개최 여부가 변경될 수 있으므로, 참가 및 참관 전 반드시 주최 측 또는 전시장에 사전 문의해 주시기 바랍니다. 

또한 주최 측에서는 전년도 참가 성과 관련 정보를 별도로 공개하지 않고 있으며, 차년도 개최 일정 역시 현재까지 확정 및 공지되지 않은 상태입니다.",N,2027-01-01,1
12,2027,북미지역본부 애틀랜타무역관,N,The Premiere Orlando & Premiere DAY SPA Show 2027,2027 미국 올랜도 프리미어 & 프리미어 스파 전시회,,2027-01-01,2027-01-31,Y,,,미국,올랜도,오프라인,Orange County Convention Center,"Premiere Orlando는 북미 최대 규모의 미용·뷰티 전문 전시회로, 헤어·네일·스킨케어·화장품 등 전 분야를 아우르며 최신 트렌드와 신제품을 선보이는 글로벌 행사 입니다.",,"뷰티 스킨 케어, 헤어 케어, 네일 케어, 세면도구, 향수, 유기농 미용 제품",3740349,sqft (ft²),"뷰티&미용용품, 문화콘텐츠&미디어","★ 본 전시회는 주최측의 사정에 따라 개최일자 또는 개최 여부가 변동될 수 있으니 전시회 참가 및 참관 전 반드시 주최자 또는 전시장으로 사전문의 바랍니다.

*전년도 참가성과 추후 업데이트 예정",N,2027-01-01,1
16,2027,북미지역본부 워싱턴DC무역관,N,Modern Day Marine 2027,2027 미국 워싱턴 해병 기술 전시회 [Modern Day Marine],Modern Day Marine,2027-01-01,2027-01-31,Y,,,미국,워싱턴,오프라인,Walter E Washington Convention Center,"해병 기술 전시회는 미국 해병대와 관련된 주요 방위 산업 박람회로, 해병대의 최신 장비와 기술을 소개하는 중요한 행사입니다. 이 박람회는 해병대의 작전 능력 향상과 산업계와의 협력을 강화하는 데 중점을 두고 있습니다.",,"해병대용 전술 차량 및 장비, 무기 시스템 및 탄약, 통신 및 정보 시스템, 의료 및 생존 장비, 훈련 및 시뮬레이션 기술, 물류 및 지원 장비",84000,sqft (ft²),"방위산업, 항공&우주","★ 본 전시회는 주최측의 사정에 따라 개최일자 또는 개최 여부가 변동될 수 있으므로 전시회 참가 및 참관 전 반드시 주최자 또는 전시장으로 사전문의 바랍니다.



* 현재 공개된 정보는 행사 개요와 전반적인 규모에 대한 일반적인 자료에 한정되며, 참가국 수, 구체적인 전체 참가업체 수, 참관객 수, 주요 참가국 등 세부 통계는 제공되지 않은 상태입니다. 이에 따라 관련 성과 수치를 보고서에 기재할 수 없음을 양해 부탁드립니다.",N,2027-01-01,1
18,2027,북미지역본부 애틀랜타무역관,N,PGA Show 2027,2027 미국 올랜도 골프용품 전시회,PGA Show 2027,2027-01-01,2027-01-31,Y,,,미국,올랜도,오프라인,Orange County Convention Center,"골프 용품, 의류, 클럽, 훈련 기기 및 교육 서비스 분야의 기업들이 부스로 참가하는 세계 최대 규모이자 독보적인 명성을 자랑하는 골프 전시회. 골프존, 볼빅, 가민, 보이스캐디 등 다수의 국내 골프 브랜드들도 참가하고 있음.",골프 산업 전 분야를 아우르는 세계 최대 규모 전시회,"골프 용품, 의류, 클럽, 훈련 기기 등",3740349,sqft (ft²),"건강&스포츠, 문화콘텐츠&미디어","★ 본 전시회는 주최측의 사정에 따라 개최일자 또는 개최 여부가 변동될 수 있으니 전시회 참가 및 참관 전 반드시 주최자 또는 전시장으로 사전문의 바랍니다.

*전년도 참가성과 추후 업데이트 예정",N,2027-01-01,1
19,2027,북미지역본부 애틀랜타무역관,N,2027 Modex,2027 미국 애틀랜타 모덱스 물류 산업 박람회,2027 Modex,2027-01-01,2027-01-31,Y,,,미국,애틀란타(GA),오프라인,Georgia World Congress Center,"세계 최대 국제 공급망 박람회. 북미에서 가장 큰 공급망, 물류 전시회중 하나","MODEX 전시회는 MHI(미국물류산업협회)가 주최하며, 전 세계 공급망 전문가와 바이어들이 한자리에 모여 최신 물류 장비와 첨단 기술을 직접 확인하고 교류할 수 있는 글로벌 비즈니스 플랫폼입니다.","풀필먼트/배송, 제조/조립 솔루션, IT솔루션, 물류이송로봇 등",600000,sqft (ft²),물류&운송,"★ 본 전시회는 주최측의 사정에 따라 개최일자 또는 개최 여부가 변동될 수 있으므로 전시회 참가 및 참관 전 반드시 주최자 또는 전시장으로 사전문의 바랍니다.



MODEX 2026 전시회는 아직 개최 전으로, 참관객 수는 약 1,100명으로 예상되며, 참가국 수 등 다른 세부 성과 정보는 주최 측에서 공식적으로 발표하지 않았음. 다만, 전년도(2024년)에는 전 세계 100개국 이상이 참여하였고, KOTRA 애틀랜타 무역관 주관으로 한국관이 구성되어 총 8개 한국 업체가 참가함.",N,2027-01-01,1
20,2027,북미지역본부 애틀랜타무역관,N,Verticon 2027,2027 미국 애틀랜타 헬리콥터 전시회 [Verticon],Verticon,2027-01-01,2027-01-31,Y,,,미국,애틀란타(GA),오프라인,Georgia World Congress Center & Omni Hotel,"세계 최대 규모의 헬리콥터·VTOL 산업 전시회로, 기체·부품·MRO·항공전자 등 전 산업을 아우르며 글로벌 업계 네트워킹과 최신 기술을 선보이는 전문 전시회","매년 600개 이상 기업, 15,000명 이상의 업계 종사자들이 참가하는 글로벌 행사. B2B 중심 전시회로, 계약 체결 및 파트너십 협약이 다수 발표","헬리콥터 기체, 엔진·부품, 항공전자, 정비·수리(MRO)",1000000,sqft (ft²),"항공&우주, 방위산업","★ 본 전시회는 주최측의 사정에 따라 개최일자 또는 개최 여부가 변동될 수 있으니 전시회 참가 및 참관 전 반드시 주최자 또는 전시장으로 사전문의 바랍니다.

주최 측에서 개최국 비공개. 다만, 2026년도 기준 전체 참가국수 75개국 이상, 전체 참관객수 15,000명 이상  75+ 개국 참가 예정. ",N,2027-01-01,1
22,2027,북미지역본부 로스앤젤레스무역관,N,Consumer Electronics Show,2027 미국 라스베가스 소비재전자 전시회 [CES],CES,2027-01-06,2027-01-09,N,,,미국,라스베가스,오프라인,The Venetian-Sands Expo Convention Center,"세계가전전시회(CES·Consumer Electronics Show)는 미국소비자기술협회(CTA · Consumer Technology)가 주관해 매년 열리는 세계 최대 규모의 가전제품 전시회이다.  1967년 미국 뉴욕에서 제1회 대회가 열린 이후 지금까지 이어지면서 세계 가전업계의 흐름을 한눈에 볼 수 있는 권위있는 행사로 자리매김했으며, TV, 오디오, 비디오 등 일상 생활과 밀접한 전자제품을 주로 소개한다.",,"5G, 블록체인, AI, 모빌리티, 드론로봇 등 40여개 분야",167000,sqm(㎡),정보통신기술(IT)&S/W,"★ 본 전시회는 주최측의 사정에 따라 개최일자 또는 개최 여부가 변동될 수 있으므로 전시회 참가 및 참관 전 반드시 주최자 또는 전시장으로 사전문의 바랍니다.

★ 전년도 참가성과 추후 업데이트 예정",N,2027-01-06,1
27,2027,북미지역본부 워싱턴DC무역관,N,2027 Transportation Research Board Annual Meeting,2027 미국 워싱턴 교통위원회 연례회담 전시회 [TRB],TRB,2027-01-10,2027-01-14,N,,,미국,워싱턴,오프라인,Walter E Washington Convention Center,"TRB 연례 회의(Transportation Research Board Annual Meeting)**는 교통 분야에서 세계적으로 권위 있는 학술 및 산업 박람회로, 이 회의는 정책 결정자, 연구자, 실무자, 정부 및 산업계 관계자 등 다양한 전문가들이 모여 교통 관련 최신 연구와 기술을 공유하고 논의하는 자리로, 전 세계 교통 산업의 동향을 파악하고 네트워킹할 수 있는 중요한 플랫폼입니다.","TRB의 연례 회의에는  정책 입안자, 행정가, 실무자, 연구자, 정부 대표, 산업계, 학계 기관 대표를 포함한 세계 수천 명의 운송 전문가가 이 관심 주제를 다루는 세션과 워크숍을 통해 모든 교통 수단을 다루고 있음","지능형 교통 시스템(ITS), 교통 계획 및 시뮬레이션 소프트웨어, 도로 및 교량 설계 기술, 교통 안전 장비 및 솔루션, 철도 및 대중교통 기술, 환경 친화적 교통 수단, 데이터 수집 및 분석 도구",280000,sqft (ft²),"전력&에너지, 건축&기자재, 정보통신기술(IT)&S/W","★ 본 전시회는 주최측의 사정에 따라 개최일자 또는 개최 여부가 변동될 수 있으므로 전시회 참가 및 참관 전 반드시 주최자 또는 전시장으로 사전문의 바랍니다.



* 전년도 성과 관련 구체적인 수치와 세부 정보는 해당 전시회의 공식 웹사이트와 일반적인 검색을 통해 확인하였으나, 정확한 참관객 수, 참가국 수, 전체 참가 업체 수 등 세부 성과 정보는 공개되지 않았습니다. 이에 따라 관련 성과 수치를 보고서에 기재할 수 없음을 양해 부탁드립니다.",N,2027-01-10,1
28,2027,북미지역본부 뉴욕무역관,N,NRF Retail's Big Show,2027 미국 뉴욕 소매유통업 전시회 [NRF],NRF,2027-01-10,2027-01-12,N,,,미국,뉴욕,오프라인,Jacob K. Javits Convention Center,미국소매협회(NRF)가 매년 미국 뉴욕에서 주최하는 최대 규모의 소매 유통 산업 전시회로 세계 유통 산업의 흐름과 트렌드를 파악하고 비즈니스 네트워킹을 통해 업계 전문가들과 교류할 수 있음,,소매 유통업,150000,sqft (ft²),"금융&비즈니스서비스, 생활용품&가구, 전기전자&반도체","★본 전시회는 주최 측 사정에 따라 개최 일정 또는 개최 여부가 변경될 수 있으므로, 참가 및 참관 전 반드시 주최 측 또는 전시장에 사전 문의해 주시기 바랍니다. 

또한 주최 측에서는 전년도 참가 성과 관련 정보를 별도로 공개하지 않고 있음",N,2027-01-10,1
42,2027,북미지역본부 워싱턴DC무역관,N,Mid-Atlantic Nursery Trade Show [MANTS],2027 미국 볼티모어 원예 전시회 [Mid-Atlantic Nursery Trade Show],MANTS,2027-01-13,2027-01-15,N,,,미국,볼티모어,오프라인,Baltimore Convention Center,"Mid-Atlantic Nursery Trade Show (MANTS)는 원예 및 조경 산업의 주요 비즈니스 박람회로 교육 세션 없이 순수 B2B 거래에 집중하며, 업계의 최신 제품과 기술을 선보이는 자리로 자리매김하고 있습니다. ",,"관목, 나무, 다년생 식물 등 원예 식물, 조경 및 정원 장비, 온실 및 양묘장 자재, 정원용 가구 및 장식품, 농업 및 원예 관련 소프트웨어 및 서비스",300000,sqft (ft²),농수산&임업,"★ 본 전시회는 주최측의 사정에 따라 개최일자 또는 개최 여부가 변동될 수 있으므로 전시회 참가 및 참관 전 반드시 주최자 또는 전시장으로 사전문의 바랍니다.



* 전년도 성과 관련 구체적인 수치와 세부 정보는 해당 전시회의 공식 웹사이트와 일반적인 검색을 통해 확인하였으나,  해당 전시회가 지역 사회에 중점을 둔 행사로서 관련 정보를 제공하지 않아 정확한 참관객 수, 참가국 수, 전체 참가 업체 수 등 세부 성과 정보는 파악할 수 없었습니다. 이에 따라 관련 성과 수치를 기재할 수 없음을 양해 부탁드립니다.",N,2027-01-13,1
52,2027,북미지역본부 워싱턴DC무역관,N,Travel & Adventure Show 2027,2027 미국 워싱턴 여행 전시회 [Travel Show],Travel Show,2027-01-16,2027-01-17,N,,,미국,워싱턴,오프라인,Walter E Washington Convention Center,"워싱턴 D.C. 트래블 & 어드벤처 쇼는 세계 각국의 여행 목적지, 여행사, 크루즈 라인, 여행 제공자들을 한 곳에서 만날 수 있는 전시회입니다. 이 전시회는 참가자들이 다양한 여행 옵션을 발견하고, 맞춤형 여행 계획을 세우며, 여행 전문가와 직접 소통할 수 있는 기회를 제공합니다. 350개 이상의 출품업체들이 참석하며, 최신 여행 팁과 특별 여행 할인, 경품이 제공됩니다.",,"여행지 소개, 여행 패키지, 크루즈라인, 여행 관련 제품 및 서비스",600000,sqft (ft²),레저&관광,"★ 본 전시회는 주최측의 사정에 따라 개최일자 또는 개최 여부가 변동될 수 있으므로 전시회 참가 및 참관 전 반드시 주최자 또는 전시장으로 사전문의 바랍니다.



* 전년도 성과 관련 구체적인 수치와 세부 정보는 해당 전시회의 공식 웹사이트와 일반적인 검색을 통해 확인하였으나, 정확한 참관객 수, 참가국 수, 전체 참가 업체 수 등 세부 성과 정보는 공개되지 않았습니다. 이에 따라 관련 성과 수치를 보고서에 기재할 수 없음을 양해 부탁드립니다.",N,2027-01-16,1
66,2027,북미지역본부 뉴욕무역관,N,Première Vision New York,2027 미국 뉴욕 프레미에르비죵 섬유 전시회 [PVNY],PVNY,2027-01-19,2027-01-20,N,,,미국,뉴욕,오프라인,The venue Tribeca Rooftop + 360&deg;,"매년 춘계·추계로 나뉘어 개최되는 국제적인 프리미엄 섬유 소재 전시회로 유럽의 섬유 선진국인 이탈리아, 프랑스 등이 주축이 되며 글로벌 패션 및 원단 산업 관련 업체와 업계 다양한 전문가가 참여함. 주최사 자격 심사를 통해 참가 자격이 주어지므로 뉴욕 및 북미 시장의 엄선된 유수 바이어들이 초청됨",,"의류용 섬유, 원단, 의류 부자재 등",150000,sqft (ft²),패션&섬유,"★본 전시회는 주최 측 사정에 따라 개최 일정 또는 개최 여부가 변경될 수 있으므로, 참가 및 참관 전 반드시 주최 측 또는 전시장에 사전 문의해 주시기 바랍니다. 

또한 주최 측에서는 전년도 참가 성과 관련 정보를 별도로 공개하지 않고 있음, 차년도 개최 일정 역시 현재까지 확정 및 공지되지 않은 상태입니다.",N,2027-01-19,1
67,2027,북미지역본부 뉴욕무역관,N,New York Boat Show,2027 미국 뉴욕 보트 전시회 [SPIN],SPIN,2027-01-20,2027-01-24,N,,,미국,뉴욕,오프라인,Jacob K. Javits Convention Center,"1905년에 시작되어 해마다 수천 명의 보트, 요트 및 낚시 애호가들이 찾는 미국의 3대 보트 전시회 중 하나로 최신 해양 장비 및 기술을 포함한 디자인과 모델들을 선보이며 다양한 관련 상품을 제공함",,"보트, 요트, 보트용품, 낚시용품 등",150000,sqft (ft²),"조선&플랜트, 건강&스포츠, 레저&관광","★본 전시회는 주최 측 사정에 따라 개최 일정 또는 개최 여부가 변경될 수 있으므로, 참가 및 참관 전 반드시 주최 측 또는 전시장에 사전 문의해 주시기 바랍니다. 

또한 주최 측에서는 전년도 참가 성과 관련 정보를 별도로 공개하지 않고 있음",N,2027-01-20,1
76,2027,북미지역본부 애틀랜타무역관,N,2027 PGA Show,2027 미국 올랜도 골프용품 전시회,PGA SHOW ,2027-01-21,2027-01-24,N,,,미국,올랜도,오프라인,Orange County Convention Center,0,"세계 최대 골프 비즈니스 박람회로 1,000개 이상의 골프 관련 업체들이 참가하며, 장비, 기술, 의류, 액세서리 등 골프 산업 전반을 아우르는 광범위한 전시 품목을 가진 전문 박람회","골프용품, 장비, 의류, 골프장 시설 서비스, 액세서리 등",160000,sqft (ft²),건강&스포츠,0,N,2027-01-21,1
81,2027,북미지역본부 워싱턴DC무역관,N,The Washington Auto Show 2027,2027 미국 워싱턴 자동차 산업 전시회 [Washington Auto Show],Washington Auto Show,2027-01-22,2027-01-31,N,,,미국,워싱턴,오프라인,Walter E Washington Convention Center,"Washington Auto Show 행사는 자동차 관련 행사로는 전세계 5대 자동차 전시회이다. 세계 자동차 협회에서 추진해 오고 있는 이 행사는 최첨단의 전시품들과 최신 모델 자동차부터 구형 자동차까지 매년 다양한 자동차 제품들을 선보이고 있고, 무엇보다 매회 놀라운 규모로 사람들에게 주목을 받고 있는 행사이다. 전시회에는 매년 현대, 제네시스, 기아를 포함해 35개가 넘는 업체가 참여하고 있으며, 600개가 넘는 자동차 모델들이 전시되고 있다. 또한 행사의 유명세와 걸맞게 여러 유명인사들도 많이 참여하고 있다. 본 행사는 자동차 생산업과 새로운 기술과 발전에 기여하고 있으며, 행사 내 프로그램을 통한 새로운 아이디어 창출과 기업간에 소통 기회 및 파트너쉽을 만드는데 목적을 두고있다. 자동차를 사랑하는 전세계 사람들을 포함해, 자동차 부품, 마케팅, 자동차 제품 등 자동차와 관련된 많은 기업들이 혁신적인 기술 발굴과 아이디어 창출을 위해 Washington Auto Show 행사에 참여하는 것으로 알려진다. 추가적인 전시전 참가 내용과 티켓 가격은 웹사이트를 통하여 더 자세히 알아볼 수 있다.",,"전기차 및 하이브리드 차량, 클래식 및 수퍼카, 커스텀 및 튜닝카, 상용차 및 친환경 연료 차량",600000,sqft (ft²),자동차,★ 본 전시회는 주최측의 사정에 따라 개최일자 또는 개최 여부가 변동될 수 있으므로 전시회 참가 및 참관 전 반드시 주최자 또는 전시장으로 사전문의 바랍니다.,N,2027-01-22,1
87,2027,북미지역본부 시카고무역관,N,"International Air‑Conditioning, Heating, Refrigerating Exposition",2027 미국 시카고 냉동 공조기기 전시회,AHR,2027-01-25,2027-01-27,N,,,미국,시카고,오프라인,McCormick Place,"- HVACR(Heating, Ventilation, Air-Conditioning and Refrigeration) 산업 전반을 아우르는 세계 최대 규모의 냉동공조 박람회 - 글로벌 기업과 전문가들이 참가하여 최신 기술과 솔루션을 공유하는 네트워킹 장 - 산업 트렌드와 신기술을 배울 수 있는 다양한 교육 세션, 세미나, 패널 토론 제공 - 혁신 어워드 및 신제품 발표 극장을 통해 최신 제품과 기술 공개 - 참가자가 직접 체험할 수 있는 실시간 제품 데모와 전시관 운영 - 팟캐스트 퍼빌리온, 패널 시리즈 등 다양한 미디어와 참여형 프로그램 진행","- HVACR(Heating, Ventilation, Air-Conditioning and Refrigeration) 산업 전반을 아우르는 세계 최대 규모의 냉동공조 박람회 - 글로벌 기업과 전문가들이 참가하여 최신 기술과 솔루션을 공유하는 네트워킹 장 - 산업 트렌드와 신기술을 배울 수 있는 다양한 교육 세션, 세미나, 패널 토론 제공 - 혁신 어워드 및 신제품 발표 극장을 통해 최신 제품과 기술 공개 - 참가자가 직접 체험할 수 있는 실시간 제품 데모와 전시관 운영 - 팟캐스트 퍼빌리온, 패널 시리즈 등 다양한 미디어와 참여형 프로그램 진행","난방, 냉방, 냉동, 환기, 배관, IAQ, 자동화·제어, 소프트웨어 등",527520,sqft (ft²),기타,,N,2027-01-25,1
88,2027,북미지역본부 시카고무역관,N,International Air-Conditioning Heating Refrigeration Exposition 2027,2027 미국 시카고 냉동 공조기기 전시회,AHR,2027-01-25,2027-01-27,N,,,미국,시카고,오프라인,McCormick Place,"전문가가 주도하는 프로그램은 오늘날의 모범 사례, 업계 동향, ROI 향상을 위한 팁 및 전문적인 성장을 촉진하는 방법에 대한 100개 이상의 무료 세션 제공 메이저 회사와 신생회사의 신제품 발표 및 제품 사항 확인 가능","전문가가 주도하는 프로그램은 오늘날의 모범 사례, 업계 동향, ROI 향상을 위한 팁 및 전문적인 성장을 촉진하는 방법에 대한 100개 이상의 무료 세션 제공 메이저 회사와 신생회사의 신제품 발표 및 제품 사항 확인 가능","전기전자&반도체, 전력&에너지, 기계&장비",0,sqm(㎡),"전기전자&반도체, 전력&에너지, 기계&장비",,N,2027-01-25,1
104,2027,북미지역본부 뉴욕무역관,N,Philadelphia Gift Show,2027 미국 필라델피아 선물 전시회 [SPIN],SPIN,2027-01-31,2027-02-02,N,,,미국,필라델피아,오프라인,Greater Philadelphia Expo Center,"매년 필라델피아에서 열리는 기프트 및 홈 제품 전문 무역 박람회로 평균 약 200개 이상의 기업이 참가하며 선물용품, 문구용품, 패션 액세서리, 공예품, 기념품, 홈 데코 제품 등을 포함한 100여 개 이상의 다양한 제품 카테고리를 만나볼 수 있음. 업계 전문가가 참여하는 세미나 및 워크숍 등의 프로그램과 함께 최신 트렌드를 발견하고 비즈니스 기회를 탐색할 수 있는 플랫폼을 제공함",,"선물용품, 문구용품, 액세서리, 홈 디자인 제품, 어린이용 제품, 공예품, 핸드메이드 제품, 주방용품 등",150000,sqft (ft²),"패션&섬유, 문구&선물, 생활용품&가구, 유아·아동&교육&임산부","★본 전시회는 주최 측 사정에 따라 개최 일정 또는 개최 여부가 변경될 수 있으므로, 참가 및 참관 전 반드시 주최 측 또는 전시장에 사전 문의해 주시기 바랍니다. 

또한 주최 측에서는 전년도 참가 성과 관련 정보를 별도로 공개하지 않고 있음",N,2027-01-31,1
105,2027,북미지역본부 로스앤젤레스무역관,N,2027 Makeup in LA,2027 미국 로스앤젤레스 스킨케어 전시회,Makeup in LA,2027-02,2027-02,N,,,미국,로스앤젤레스,오프라인,Los Angeles Convention Center,"행사 규모: MakeUp in LA는 비교적 밀도 높은 B2B 전시 형태로, 참관객과 참가자 수 모두 5천 명 내외로 안정적인 운영을 이어가고 있습니다.  콘텐츠 중심 운영: 기술 및 스타트업 중심의 부대 프로그램(Beauty Tank, IT Awards)이 강조되어, 단순 전시를 넘어 산업 트렌드 플랫폼 역할을 수행합니다.","행사 규모: MakeUp in LA는 비교적 밀도 높은 B2B 전시 형태로, 참관객과 참가자 수 모두 5천 명 내외로 안정적인 운영을 이어가고 있습니다.  콘텐츠 중심 운영: 기술 및 스타트업 중심의 부대 프로그램(Beauty Tank, IT Awards)이 강조되어, 단순 전시를 넘어 산업 트렌드 플랫폼 역할을 수행합니다.",뷰티 제조 업,8000,sqm(㎡),뷰티&미용용품,,N,2027-02-01,2
117,2027,북미지역본부 워싱턴DC무역관,N,2027 GlobalChem,2027 미국 워싱턴 D.C 화학규제 전시회 [GlobalChem ],GlobalChem ,2027-02-01,2027-02-28,Y,,,미국,워싱턴,오프라인,Charles E. Smith Center,"미국 화학 협회(ACC)에서 매년 개최하는 행사로, 제조업자 및 공급망에 영향을 미치는 화학 산업에서의 규제 정책과 절차를 광범위하게 다룬다. 화학 물질 관리 및 규제 준수를 주제로 한 연사 발표와 패널 토론도 진행한다.  ",,"화학, 안전, 컴플라이언스 관련 제품 및 서비스",50000,sqft (ft²),화학&나노,"★ 본 전시회는 주최측의 사정에 따라 개최일자 또는 개최 여부가 변동 될 수 있으므로 전시회 참가 및 참관 전 반드시 주최자 또는 전시장으로 사전 문의 바랍니다. 

★ 2027년 구체적인 정보는 미정이므로 추후 업데이트 예정",N,2027-02-01,2
125,2027,북미지역본부 뉴욕무역관,N,NY NOW,2027 미국 뉴욕 라이프스타일 전시회 [NY NOW],NY NOW,2027-02-01,2027-02-28,Y,,,미국,뉴욕,오프라인,Jacob K. Javits Convention Center,"북미 최대의 국제 디자인 박람회로, 유럽·아시아 등 다양한 지역에서 온 바이어들이 참여 제조업자, 소매업체, 디자이너 등 업계 관계자가 대거 참가하며, 브랜드 노출과 비즈니스 네트워킹이 활발한 장 변화하는 소매 환경에 맞춰, 지속 가능한 디자인과 혁신 스타트업도 대거 전시",,"Home (홈리빙): 홈 디자인, 정원·아웃도어 리빙, 식음료, 홈 데코, 테이블웨어 등 Gift & Lifestyle (선물·라이프스타일): 아기·어린이 용품, 뷰티 및 웰니스, 게임, 선물·문구류, 출판, 취미용품, 장난감 Jewelry & Accessories (주얼리·액세서리): 액세서리, 의류, 패션 주얼리, 파인 주얼리, 세미 파인, 럭셔리 주얼리 최근에는 아로마테라피, 향수, 그래픽 스테이셔너리, 트렌디한 홈 데코 및 독창적인 선물 제품 등도 포함되며, 35개 이상의 세부 카테고리",150000,sqft (ft²),문구&선물,"★본 전시회는 주최 측 사정에 따라 개최 일정 또는 개최 여부가 변경될 수 있으므로, 참가 및 참관 전 반드시 주최 측 또는 전시장에 사전 문의해 주시기 바랍니다. 

또한 주최 측에서는 전년도 참가 성과 관련 정보를 별도로 공개하지 않고 있으며, 차년도 개최 일정 역시 현재까지 확정 및 공지되지 않은 상태입니다.",N,2027-02-01,2
134,2027,북미지역본부 로스앤젤레스무역관,N,2027 International Builder's Show,2027 미국 라스베가스 건축산업 전시회,IBS,2027-02-02,2027-02-04,N,,,미국,라스베가스,오프라인,Las Vegas Convention Center,ㅇ,"- 세계 3대 건축박람회로 미국과 아메리카 대륙 최고의 최대 건축박람회 - 77년 전통과 역사를 자랑하며 세계적인 지명도가 높음 - 360여회 총회, 워크샵, 컨퍼런스 등이 전시회 기간중 열림 - 욕실 주방 전문박람회인 KBIS와 동시개최되어 인테리어 분야 바이어들도 많이 방문함","건축기자재, 인테리어, 욕실, 키친, 건설기계 등 건설/건축/인테리어 전반",45000,sqft (ft²),기타,,N,2027-02-02,2
148,2027,북미지역본부 뉴욕무역관,N,Shoppe Object New York,2027 미국 뉴욕 디자인 오브제 전시회 [Shoppe Object New York],Shoppe Object New York,2027-02-07,2027-02-09,N,,,미국,뉴욕,오프라인,The Starrett-Lehigh Building,"Shoppe Object은 **뉴욕에서 열리는 대표적인 하우스·기프트·라이프스타일 전문 B2B 트레이드 쇼로, 전 세계 바이어와 리테일러들이 모여 신제품을 발굴하고 비즈니스 관계를 구축하는 중요한 마켓 행사입니다. 쇼는 매년 두 차례 개최되며, Starrett‑Lehigh Building 같은 상징적인 장소에서 800개 이상 엄선된 브랜드가 참가해 홈데코, 디자인 리빙, 액세서리, 스테이셔너리, 뷰티·웰니스 등 다양한 제품을 전시합니다. 이런 구성으로 인해 바이어들이 단순 제품을 보는 것을 넘어, 디자인 트렌드와 혁신적 브랜드를 한 자리에서 접할 수 있는 플랫폼 역할을 하고 있습니다.  쇼는 브랜드와 바이어 간 실질적 네트워킹 기회를 제공하고, 전 세계 각지에서 참여하는 방문객을 통해 글로벌 노출 효과를 기대할 수 있습니다. 특히 현대 리테일 환경에서 “잘 만들어진 제품”과 “디자인 중심 브랜드”를 찾는 바이어들에게 강한 영향을 미치는 전시회로 자리매김하고 있습니다.",,"디자인 오브제, 생활용품",150000,sqft (ft²),"문구&선물, 뷰티&미용용품, 쥬얼리, 패션&섬유","★본 전시회는 주최 측 사정에 따라 개최 일정 또는 개최 여부가 변경될 수 있으므로, 참가 및 참관 전 반드시 주최 측 또는 전시장에 사전 문의해 주시기 바랍니다. 

또한 주최 측에서는 전년도 참가 성과 관련 정보를 별도로 공개하지 않고 있으며, 차년도 개최 일정 역시 현재까지 확정 및 공지되지 않은 상태입니다.",N,2027-02-07,2
156,2027,북미지역본부 애틀랜타무역관,N,The NAFEM Show ,2027 미국 올랜도 주방기구 전시회 [The NAFEM Show],The NAFEM Show,2027-02-11,2027-02-13,N,,,미국,올랜도,오프라인,Orange County Convention Center,북미 최대 규모의 상업용 주방·푸드서비스 장비 전문 전시회,북미 최대 규모의 푸드서비스·상업 주방장비 전문 B2B 전시,"상업용 주방장비·냉장·냉동 설비, 조리·식품가공 장비, 환기 시스템, 보온·보관·서빙 장비, 식기세척·위생 장비, 운반·보관 솔루션, 스마트 키친 및 자동화 장비.",325000,sqft (ft²),"생활용품&가구, 식품&음료","★ 본 전시회는 주최측의 사정에 따라 개최일자 또는 개최 여부가 변동될 수 있으므로 전시회 참가 및 참관 전 반드시 주최자 또는 전시장으로 사전문의 바랍니다.

- 주최 측에서 공식적으로 발표된 전년도 개최국 기업 수는 별도로 제공되지 않았음.

다만, 전년도 (2025년) 전체참가업체수는 약 600개사 전체 참관객수는 약 20,000명으로 확인됨. ",N,2027-02-11,2
173,2027,북미지역본부 뉴욕무역관,N,2027 COTERIE- Women's Fashion Show in New York ,2027 미국 뉴욕 춘계 패션 코테리 전시회,COTERIE,2027-02-17,2027-02-19,N,,,미국,뉴욕,오프라인,Jacob K. Javits Convention Center,0,"미국 뉴욕 코트리 국제패션박람회는 세계 1위 전시주최기업인 Informa가 개최하는 세계 최대 규모의 여성럭셔리패션 전문전시회로 주최측의 엄격한 사전 심사과정을 통해 선별된 브랜드들만이 출품이 가능함. 선발과정이 매우 업격하고 권위가 있어 미국의 주요백화점들에 입점시에 각 백화점들은 코트리 참가실적들을 중요하게 평가함. 전체 방문 바이어들 중 80% 이상이 백화점, 셀렉샵, 온라인 쇼핑몰,  쇼룸 등 실질적인 패션 유통전문 바이어들로 전시회 주최측이 등급별로 관리 및 초청하는 VIBR(Very Important Buyer Relationship) 프로그램을 운영하고 있으며, 실질적인 거래 및 비즈니스 환경을 제공하기위해 다양한 편의시설과 프로그램을 운영함","여성 패션의류, 잡화 (액세사리, 가방), 패션 쥬얼리 등",50000,sqm(㎡),패션&섬유,,N,2027-02-17,2
179,2027,북미지역본부 뉴욕무역관,N,Toy Fair,2027 미국 뉴욕 완구 전시회  [toyfair],toyfair,2027-02-20,2027-02-23,N,,,미국,뉴욕,오프라인,Jacob K. Javits Convention Center,"최대 규모의 국제 B2B 완구 박람회로, 전 세계의 장난감 완구 업체와 전문가가 참여하여 완구, 게임, 엔터테인먼트 등 관련 분야의 다양한 제품과 서비스를 선보임",,"전자 작동 완구, 봉제 완구, 게임 완구, 어린이 가구, 비디오, 오디오, 컴퓨터 게임 등",150000,sqft (ft²),유아·아동&교육&임산부,"★본 전시회는 주최 측 사정에 따라 개최 일정 또는 개최 여부가 변경될 수 있으므로, 참가 및 참관 전 반드시 주최 측 또는 전시장에 사전 문의해 주시기 바랍니다. 

또한 주최 측에서는 전년도 참가 성과 관련 정보를 별도로 공개하지 않고 있으며, 차년도 개최 일정 역시 현재까지 확정 및 공지되지 않은 상태입니다.",N,2027-02-20,2
211,2027,북미지역본부 로스앤젤레스무역관,N,International Security Conference & Exposition West 2027,2027 미국 라스베가스 보안장비 산업 전시회,ISC WEST,2027-03,2027-03,N,,,미국,라스베가스,오프라인,The Venetian-Sands Expo Convention Center,"- 북미 지역 최대 물리보안 전시회로, 2025년에는 참가업체 약 750여개사, 참가객 약 29,000명(전년 대비 7.41%↑)이 참가함 - 최근 3년간 참가업체(연평균 10.9%↑) 및 참가객(연평균 13.2%↑)이 꾸준히 증가하고 있으며,  한국관 및 기업 단독참가 업체 수 역시 증가(연평균 19%↑)하고 있는 전시회임 - 미국에서 매년 개최되는 행사로 보안업계가 새로운 보안장비, 솔루션 및 기술을 선보이는 미국 보안산업 최대의 프리미어 론칭 행사","- 북미 지역 최대 물리보안 전시회로, 2025년에는 참가업체 약 750여개사, 참가객 약 29,000명(전년 대비 7.41%↑)이 참가함 - 최근 3년간 참가업체(연평균 10.9%↑) 및 참가객(연평균 13.2%↑)이 꾸준히 증가하고 있으며,  한국관 및 기업 단독참가 업체 수 역시 증가(연평균 19%↑)하고 있는 전시회임 - 미국에서 매년 개최되는 행사로 보안업계가 새로운 보안장비, 솔루션 및 기술을 선보이는 미국 보안산업 최대의 프리미어 론칭 행사","영상감시(Video Surveillance), 출입통제(Access Control), 정보기술/사물인터넷 보안(IT&IoT Security), 침입경보(Alarms), 무선장비(Wireless Equipment), 생체인식(Biometrics),  탐지 장치(Detection Controls/Devices), 스마트홈(Smart Home), 보안 법규제(Law Enforcement) 등",76400,sqm(㎡),기타,,N,2027-03-01,3
223,2027,북미지역본부 로스앤젤레스무역관,N,2027 MEDTRADE,2027 미국 피닉스 가정용 의료기기 전시회,MEDTRADE,2027-03-01,2027-03-31,N,,,미국,"피닉스, AZ",오프라인,Phoenix Convention Center,"Medtrade 전시회는 1979년 처음 개최된 이후 미국 내 대표적인 홈 헬스케어 및 재택 의료기기 전문 전시회로 자리매김해 왔음. 2026년에는 미국 월드컵 본부가 텍사스 달라스에 설치됨에 따라 개최 장소가 아리조나 피닉스 컨벤션센터로 변경될 예정임. 본 전시회에는 의료기기 제조사, 유통사, 바이어, 의료 전문가 등 다양한 이해관계자가 참여하며, 가정용 의료기기, 재활·물리치료 장비, 이동 보조기구, 실버케어 제품 등 미국 내에서 빠르게 성장하는 분야를 집중적으로 다루고 있음. 한국 기업들은 이 전시회를 통해 최신 제품과 기술을 효과적으로 홍보하고, 현지 바이어 및 유통사와의 네트워크를 확장하며 시장 진출의 발판을 마련할 수 있음.  최근 미국은 높은 의료비 부담으로 인해 병원 진료 대신 가정에서의 치료·관리를 선호하는 경향이 확대되고 있음. 이에 따라 약국이나 온라인 유통채널을 통한 가정용 의료기기 구매가 일상화되었으며, 고령화와 만성질환 증가, 원격의료 확산 등 복합적 요인이 맞물려 홈 헬스케어 수요가 꾸준히 증가하고 있음. 가정용 의료기기의 주요 카테고리로는 ▲호흡기 관리 장비(산소발생기, CPAP/BiPAP, 네뷸라이저) ▲이동 보조기구(휠체어, 전동 스쿠터, 워커) ▲재활·물리치료 기기(TENS, 운동치료기) ▲가정용 병상 및 액세서리(전동 침대, 압력 분산 매트리스) ▲실버케어 및 일상생활 보조기구 ▲기타 홈 헬스케어 기기(혈압계, 혈당측정기, 원격 모니터링 기기) 등이 포함됨.  글로벌 홈 헬스케어 시장은 2025년 약 506억 달러에서 2030년 721억 달러로 성장할 것으로 전망되며, 미국 가정용 의료기기 시장 역시 꾸준한 성장세를 보일 것으로 예상됨. 특히 미국 시장은 2035년 약 485억 달러 규모에 도달할 것으로 전망되며, 이 기간 연평균 성장률은 약 5.6%에 이를 것으로 추정됨. 이러한 흐름 속에서 미국의 고령 인구 증가와 만성질환 환자 확대는 재택 관리형 의료기기 및 실버케어 제품에 대한 수요를 더욱 가속화할 것으로 예상됨.  이와 같은 시장 환경은 한국 기업들에게 큰 기회로 작용할 것으로 판단됨. Medtrade 2026은 미국 내 의료기기 유통 구조와 소비자 수요를 직접 확인하고, 현지 파트너십을 강화할 수 있는 최적의 무대가 될 것임. 따라서 본 전시회는 단순한 제품 전시를 넘어 미국 시장 진출 전략을 구체화하고 글로벌 경쟁력을 높이는 중요한 교두보가 될 것으로 기대됨.","Medtrade 전시회는 1979년 처음 개최된 이후 미국 내 대표적인 홈 헬스케어 및 재택 의료기기 전문 전시회로 자리매김해 왔음. 2026년에는 미국 월드컵 본부가 텍사스 달라스에 설치됨에 따라 개최 장소가 아리조나 피닉스 컨벤션센터로 변경될 예정임. 본 전시회에는 의료기기 제조사, 유통사, 바이어, 의료 전문가 등 다양한 이해관계자가 참여하며, 가정용 의료기기, 재활·물리치료 장비, 이동 보조기구, 실버케어 제품 등 미국 내에서 빠르게 성장하는 분야를 집중적으로 다루고 있음. 한국 기업들은 이 전시회를 통해 최신 제품과 기술을 효과적으로 홍보하고, 현지 바이어 및 유통사와의 네트워크를 확장하며 시장 진출의 발판을 마련할 수 있음.  최근 미국은 높은 의료비 부담으로 인해 병원 진료 대신 가정에서의 치료·관리를 선호하는 경향이 확대되고 있음. 이에 따라 약국이나 온라인 유통채널을 통한 가정용 의료기기 구매가 일상화되었으며, 고령화와 만성질환 증가, 원격의료 확산 등 복합적 요인이 맞물려 홈 헬스케어 수요가 꾸준히 증가하고 있음. 가정용 의료기기의 주요 카테고리로는 ▲호흡기 관리 장비(산소발생기, CPAP/BiPAP, 네뷸라이저) ▲이동 보조기구(휠체어, 전동 스쿠터, 워커) ▲재활·물리치료 기기(TENS, 운동치료기) ▲가정용 병상 및 액세서리(전동 침대, 압력 분산 매트리스) ▲실버케어 및 일상생활 보조기구 ▲기타 홈 헬스케어 기기(혈압계, 혈당측정기, 원격 모니터링 기기) 등이 포함됨.  글로벌 홈 헬스케어 시장은 2025년 약 506억 달러에서 2030년 721억 달러로 성장할 것으로 전망되며, 미국 가정용 의료기기 시장 역시 꾸준한 성장세를 보일 것으로 예상됨. 특히 미국 시장은 2035년 약 485억 달러 규모에 도달할 것으로 전망되며, 이 기간 연평균 성장률은 약 5.6%에 이를 것으로 추정됨. 이러한 흐름 속에서 미국의 고령 인구 증가와 만성질환 환자 확대는 재택 관리형 의료기기 및 실버케어 제품에 대한 수요를 더욱 가속화할 것으로 예상됨.  이와 같은 시장 환경은 한국 기업들에게 큰 기회로 작용할 것으로 판단됨. Medtrade 2026은 미국 내 의료기기 유통 구조와 소비자 수요를 직접 확인하고, 현지 파트너십을 강화할 수 있는 최적의 무대가 될 것임. 따라서 본 전시회는 단순한 제품 전시를 넘어 미국 시장 진출 전략을 구체화하고 글로벌 경쟁력을 높이는 중요한 교두보가 될 것으로 기대됨.","호흡기 관리 장비(산소발생기, CPAP/BiPAP, 네뷸라이저) ▲이동 보조기구(휠체어, 전동 스쿠터, 워커) ▲재활·물리치료 기기(TENS, 운동치료기) ▲가정용 병상 및 액세서리(전동 침대, 압력 분산 매트리스) ▲실버케어 및 일상생활 보조기구 ▲기타 홈 헬스케어 기기(혈압계, 혈당측정기, 원격 모니터링 기기) 등",63500,sqft (ft²),기타,,N,2027-03-01,3
238,2027,북미지역본부 뉴욕무역관,N,IECSC NEW YORK,2027 미국 뉴욕 IECSC 국제 미용&스파 전시회,,2027-03-01,2027-03-31,Y,,,미국,뉴욕,오프라인,Jacob K. Javits Convention Center,"IECSC New York은 뉴욕에서 매년 상반기에 개최되는 뷰티 전시회이며 IECSC는 매년 총 3회 뉴욕, 플로리다, 라스베가스에서 개최 됩니다. 이 전시회는 미용 전문가 및 종사자, 바이어들을 위한 대표적인 뷰티 전시회로, 미용사, 에스테티션(피부관리 전문가), 피부과 의사 및 간호사, 메이크업 아티스트, 살롱 운영자 등 다양한 뷰티 종사자들이 참여합니다.",,"스킨케어, 뷰티 의료기기, 리프팅 마사지기, 화장품, 스파용품, 이너뷰티 제품 등",42000,sqft (ft²),뷰티&미용용품,2024년 참가 성과 정보 추후 업데이트,N,2027-03-01,3
244,2027,북미지역본부 뉴욕무역관,N,The Whole Bead Show,2027 미국 뉴욕 공예품 전시회,,2027-03-01,2027-03-31,Y,,,미국,뉴욕,오프라인,Martinique Hotel New York on Broadway,"1992년 워싱턴 D.C.를 시작으로 현재 필라델피아, 시카고, 뉴욕, 호놀룰루, 애틀랜타 등 미국 전역의 주요 도시에서 열리고 있는 비즈 공예 전문 전시회로 일반 대중에게도 공개되며 다양한 종류의 비즈를 포함한 공예 재료 및 공예품을 만나볼 수 있음",,"비즈, 보석, 단추, 유리 구슬, 수제 유리, 펜던트 등의 공예재료 및 공예품",150000,sqft (ft²),"쥬얼리, 기타","★본 전시회는 주최 측 사정에 따라 개최 일정 또는 개최 여부가 변경될 수 있으므로, 참가 및 참관 전 반드시 주최 측 또는 전시장에 사전 문의해 주시기 바랍니다. 

또한 주최 측에서는 전년도 참가 성과 관련 정보를 별도로 공개하지 않고 있음, 차년도 개최 일정 역시 현재까지 확정 및 공지되지 않은 상태입니다.",N,2027-03-01,3
292,2027,북미지역본부 뉴욕무역관,N,IECSC,"2027 미국 뉴욕 미용, 스파 전시회 [IECSC]",IECSC,2027-03-07,2027-03-09,N,,,미국,뉴욕,오프라인,Jacob K. Javits Convention Center,"IECSC New York은 뉴욕에서 매년 상반기에 개최되는 뷰티 전시회이며 IECSC는 매년 총 3회 뉴욕, 플로리다, 라스베가스에서 개최 됩니다. 이 전시회는 미용 전문가 및 종사자, 바이어들을 위한 대표적인 뷰티 전시회로, 미용사, 에스테티션(피부관리 전문가), 피부과 의사 및 간호사, 메이크업 아티스트, 살롱 운영자 등 다양한 뷰티 종사자들이 참여합니다.",,"스킨케어, 뷰티 의료기기, 리프팅 마사지기, 화장품, 스파용품, 이너뷰티 제품 등",150000,sqft (ft²),뷰티&미용용품,"★본 전시회는 주최 측 사정에 따라 개최 일정 또는 개최 여부가 변경될 수 있으므로, 참가 및 참관 전 반드시 주최 측 또는 전시장에 사전 문의해 주시기 바랍니다. 

또한 주최 측에서는 전년도 참가 성과 관련 정보를 별도로 공개하지 않고 있음",N,2027-03-07,3
293,2027,북미지역본부 뉴욕무역관,N,Be+Well,2027 미국 뉴욕 미용 전시회 [Be+Well],Be+Well 변경요망,2027-03-07,2027-03-09,N,,,미국,뉴욕,오프라인,Jacob K. Javits Convention Center,"미국 내 뷰티 산업 전시회 중 가장 긴 역사를 자랑하는 미용 전문 전시회로 참관객의 약 50%가 살롱 운영자 또는 매니저이며 헤어, 네일, 스킨케어, 메이크업 아티스트 등 뷰티 업계 전문가가 참가하여 다양한 제품을 선보이며 새로운 기술 및 기법을 공유하는 가장 큰 규모의 B2B 뷰티 이벤트",,"헤어, 네일, 메이크업 뷰티 관련 제품 ",150000,sqft (ft²),뷰티&미용용품,"★본 전시회는 주최 측 사정에 따라 개최 일정 또는 개최 여부가 변경될 수 있으므로, 참가 및 참관 전 반드시 주최 측 또는 전시장에 사전 문의해 주시기 바랍니다. 

또한 주최 측에서는 전년도 참가 성과 관련 정보를 별도로 공개하지 않고 있는 상태입니다.",N,2027-03-07,3
294,2027,북미지역본부 뉴욕무역관,N,New York Restaurant Show,2027 미국 뉴욕 레스토랑&식품 전시회,,2027-03-07,2027-03-09,N,,,미국,뉴욕,오프라인,Jacob K. Javits Convention Center,"미국 뉴욕에서 3일 동안 진행되는 미국 동부 최대 식품 전시회로 식자재 및 외식산업, 식품 서비스 산업 관련 기업과 전문가가 참여하며 레스토랑 및 식음료 산업의 다양한 제품과 식품 서비스 관련 기술 등을 선보임. 오랫동안 미국 뉴욕 레스토랑 & 식품 전시회 (International Restaurant and Food Service Show)로 진행되어 오다 2024년 레스토랑 쇼로 (New York Restaurant Show)로 새롭게 리브랜딩 됨",,"식품, 음료, 포장기기 및 재료, 포장용기, 식품 서비스 관련 기술 등",150000,sqft (ft²),식품&음료,"★본 전시회는 주최 측 사정에 따라 개최 일정 또는 개최 여부가 변경될 수 있으므로, 참가 및 참관 전 반드시 주최 측 또는 전시장에 사전 문의해 주시기 바랍니다. 또한, 주최 측에서는 전년도 참가 성과 관련 정보는 별도로 공개하지 않습니다.",N,2027-03-07,3
295,2027,북미지역본부 뉴욕무역관,N,Coffee Fest New York ,2027 미국 뉴욕 커피 전시회,,2027-03-07,2027-03-10,N,,,미국,뉴욕,오프라인,Jacob K. Javits Convention Center,"다양한 종류의 커피, 음식 및 장비 공급 업체들이 제품을 선보이며 세계적 수준의 바리스타 시연, 무료 커피 시음, 양방향 워크샵, 길거리 음식, 커피 칵테일, 라이브 음악 등 다양한 프로그램과 네트워킹의 기회가 제공됨",,"다양한 종류의 커피, 커피 관련 제품 및 커피 관련 식품 등",150000,sqft (ft²),식품&음료,"★본 전시회는 주최 측 사정에 따라 개최 일정 또는 개최 여부가 변경될 수 있으므로, 참가 및 참관 전 반드시 주최 측 또는 전시장에 사전 문의해 주시기 바랍니다. 

또한 주최 측에서는 전년도 참가 성과 관련 정보를 별도로 공개하지 않고 있음",N,2027-03-07,3
296,2027,북미지역본부 뉴욕무역관,N,Seafood Expo North America ,2027 미국 보스턴 수산물 전시회,,2027-03-07,2027-03-09,N,,,미국,보스턴,오프라인,Boston Convention Exhibition Center,"브뤼셀, 칭다오와 함께 세계 3대 수산물 박람회로 꼽히는 수산물 전문 B2B 행사로 수출업자, 유통업자, 소매업자, 식당 운영자 등 약 22,000명 이상의 업계 전문가가 참가하며 다양한 제품을 만나볼 수 있음. 산업 트렌드를 파악할 수 있으며, 네트워킹 기회와 함께 새로운 비즈니스 기회 또한 만나볼 수 있는 북미 최대 규모의 수산물 박람회",,"생선 및 해산물(신선 냉장, 냉동, 부가가치), 해산물 가공 및 포장 장비, 운송업체 등 수산물 산업 관련 제품",150000,sqft (ft²),"식품&음료, 농수산&임업","★본 전시회는 주최 측 사정에 따라 개최 일정 또는 개최 여부가 변경될 수 있으므로, 참가 및 참관 전 반드시 주최 측 또는 전시장에 사전 문의해 주시기 바랍니다. 

또한 주최 측에서는 전년도 참가 성과 관련 정보를 별도로 공개하지 않고 있음",N,2027-03-07,3
297,2027,북미지역본부 워싱턴DC무역관,N,SATELLITE × GovMilSpace 2027,2027 미국 워싱턴 위성 통신 전시회 [SATSHOW],SATSHOW,2027-03-08,2027-03-11,N,,,미국,워싱턴,오프라인,Walter E Washington Convention Center,"SATELLITE 전시회는 전 세계 위성 및 우주 산업 전반을 아우르는 가장 영향력 있는 글로벌 박람회로, 위성 생태계의 모든 주체들이 한자리에 모이는 업계 최대 규모의 행사입니다. 매년 100개국 이상의 주요 기업, 정부 기관, 연구소, 스타트업이 참여하여 최신 기술과 시장 트렌드를 공유하며, 신규 고객 발굴, 기존 파트너와의 관계 강화, 그리고 실질적인 비즈니스 협력이 활발하게 이루어지는 B2B 중심의 장입니다. 급변하는 위성 산업의 흐름을 이해하고, 글로벌 시장 진출을 도모하고자 하는 기업이라면 반드시 참석해야 할 필수 전시회로 자리매김하고 있습니다.",,"위성 통신 장비 및 서비스, 지상국 및 안테나 시스템, 위성 제조 및 발사 서비스, 지구 관측 및 원격 탐사 기술, 우주 탐사 및 우주선 기술, 위성 기반 IoT 및 데이터 분석 솔루션, 우주 정책 및 규제 관련 정보",92000,sqft (ft²),"정보통신기술(IT)&S/W, 기계&장비, 전기전자&반도체, 항공&우주, 방위산업",★ 본 전시회는 주최측의 사정에 따라 개최일자 또는 개최 여부가 변동될 수 있으므로 전시회 참가 및 참관전반드시 주최자 또는 전시장으로 사전문의 바랍니다.,N,2027-03-08,3
343,2027,북미지역본부 시카고무역관,N,World of Asphalt-Show and Conference,2027 미국 인디애나폴리스 아스팔트 전시회 [WOA],WOA,2027-03-15,2027-03-17,N,,,미국,뉴올리언즈,오프라인,Music City Center,"아스팔트 무역박람회오 컨퍼런스를 리드하는 전시회. 500개가 넘는 exhibitors 과 150 개가 넘는 교육세션이 있을 예정. 운영, 운영, 운영, 기술, 보건 및 안전, 리더십, 비즈니스 관리 등에 대한 전문가 주도의 세션이 있는 AGG1쇼와 같은 곳에서 이루어질 예정     *본 전시회는 주최측의 사정에 따라 개최일자 또는 개최 여부가 변동 될 수 있으므로 전시회 참가 및 참관전 반드시 주최자 또는 전시장으로 사전문의 바랍니다",,"건축자재, 건설, 빌딩",25800,sqft (ft²),건축&기자재,★ 본 전시회는 주최측의 사정에 따라 개최일자 또는 개최 여부가 변동될 수 있으므로 전시회 참가 및 참관 전 반드시 주최자 또는 전시장으로 사전문의 바랍니다.,N,2027-03-15,3
346,2027,북미지역본부 시카고무역관,N,NSSGA AGG1 Aggregates Academy & Expo,2027 미국 인디애나주 골재 전시회 [AGG1],AGG1,2027-03-15,2027-03-17,N,,,미국,네슈빌,오프라인,Music City Center,"500명 이상의 전시자들과 120개의 교육 세션과 함께 골재 관련 산업과 프로젝트를 위한 장비, 업계 인맥, 새로운 잠재고객, 매출 증대 등을 얻을 수 있는 전시회",,"[건축&기자재],[문구&선물] ",258000,sqft (ft²),건축&기자재,★ 본 전시회는 주최측의 사정에 따라 개최일자 또는 개최 여부가 변동될 수 있으므로 전시회 참가 및 참관 전 반드시 주최자 또는 전시장으로 사전문의 바랍니다.,N,2027-03-15,3
399,2027,북미지역본부 실리콘밸리무역관,N,RSA Conference 2027,2027 미국 샌프란시스코 정보보안 전시회,RSAC,2027-03-26,2027-03-28,N,,,미국,샌프란시스코,오프라인,Moscone Convention Center,"- RSAC는 글로벌 정보보안 산업의 현재와 미래를 논의하고, 최신 기술과 제품을 전시하는 세계 최대 정보보안 행사 - 스타트업 투자행사(Innovation Sandbox), 전시 및 컨퍼런스가 동시 개최 - 북미지역 뿐만 아니라 유럽, 중동 등 다양한 바이어를 만나 네트워크를 구축하고, 글로벌 보안 트렌드를 확인 가능","- RSAC는 글로벌 정보보안 산업의 현재와 미래를 논의하고, 최신 기술과 제품을 전시하는 세계 최대 정보보안 행사 - 스타트업 투자행사(Innovation Sandbox), 전시 및 컨퍼런스가 동시 개최 - 북미지역 뿐만 아니라 유럽, 중동 등 다양한 바이어를 만나 네트워크를 구축하고, 글로벌 보안 트렌드를 확인 가능","네트워크 보안, 인증 및 암호, PC보안, DB보안, 정보유출방지, 무선 모바일 보안, 생체인식 시스템 등 정보보안 관련 전 제품",46678,sqm(㎡),기타,,N,2027-03-26,3
418,2027,북미지역본부 워싱턴DC무역관,N,National Facility Management & Technology 2027,2027 미국 볼티모어 미건물유지보수 및 관련 기술 전시회 [NFMT],NFMT,2027-03-31,2027-04-02,N,,,미국,볼티모어,오프라인,Baltimore Convention Center,"NFMT (National Facilities Management & Technology) 샬럿 컨퍼런스는 시설 관리 전문가들을 위한 주요 박람회로, 최신 기술과 솔루션을 소개하고 업계 전문가들과의 네트워킹 기회를 제공합니다.",,"스마트 빌딩 솔루션, 에너지 관리 시스템, 보안 및 접근 제어 기술, HVAC 및 기계 시스템, 청소 및 유지보수 장비, 시설 관리 소프트웨어",280000,sqft (ft²),"유리&광학, 건축&기자재, 전력&에너지, 생활용품&가구, 환경&폐기물, 기계&장비","★ 본 전시회는 주최측의 사정에 따라 개최일자 또는 개최 여부가 변동될 수 있으므로 전시회 참가 및 참관 전 반드시 주최자 또는 전시장으로 사전문의 바랍니다.

 ",N,2027-03-31,3
481,2027,북미지역본부 워싱턴DC무역관,N,2027 Sea Air Space Exposition,2027 미국 메릴랜드 해양항공우주 전시회 [SAS],SAS,2027-04-04,2027-04-07,N,,,미국,메릴랜드,오프라인,Gaylord National Convention Center,"Sea-Air-Space Exposition는 미국 최대 규모의 해양 방위 산업 전시회로, 미 해군 및 해양 서비스의 최신 기술과 정책을 공유하는 중요한 행사입니다.",,"잠수함 및 해양 전투 시스템, 함정 및 항공기 플랫폼, 해양 무인 시스템(UxS), 사이버 보안 및 네트워크 솔루션, AI 기반 해양 탐지 및 통제 기술, 전술 통신 및 위성 기반 시스템, 군수 지원 및 유지보수 장비, 해양 정책 및 전략 관련 자료",247171,sqft (ft²),"정보통신기술(IT)&S/W, 방위산업, 조선&플랜트, 항공&우주",★ 본 전시회는 주최측의 사정에 따라 개최일자 또는 개최 여부가 변동될 수 있으므로 전시회 참가 및 참관 전 반드시 주최자 또는 전시장으로 사전문의 바랍니다.,N,2027-04-04,4
482,2027,북미지역본부 로스앤젤레스무역관,N,National Association Broadcasters 2027,2027 미국 라스베가스 방송장비 전시회,NAB Show,2027-04-04,2027-04-07,N,,,미국,라스베가스,오프라인,Las Vegas Convention Center,ㅇ,"- NAB 는 미국에서 매년 개최되는 세계 최대 규모의 방송·미디어·콘텐츠 기술 전문 전시회로, 전 세계적으로 방송장비 분야에서 가장 영향력 있는 전시회로 평가받고 있는 방송장비 전시회 중 단연 세계 1위를 유지하고 있는 전시회.  - 과거 NAB Show는 카메라, 송출 장비, 편집 장비 등 하드웨어 중심의 성격이 강했으나, 최근에는 AI 기반 소프트웨어와 디지털 솔루션이 핵심으로 부상하고 있으며 최근 전시회에서는 AI 자막·번역, 자동화 편집, 클라우드 제작·분배 솔루션, 데이터 분석 및 IP 기반 방송 기술 등  차세대 미디어 제작 및 서비스 혁신을 주도하는 솔루션이 대거 소개되면서  NAB Show는 전통적인 방송장비 전시회의 위상을 유지하는 동시에, AI·소프트웨어 기반의 혁신 기술과 다양한 분야의 참여가 결합된 글로벌 미디어 전시회로 자리 매김. -  NAB Show는 전통적인 방송장비 기업뿐 아니라 콘텐츠 제작, 디지털 미디어, 스트리밍, 광고, 스포츠, 크리에이터 이코노미 등 다양한 분야의 기업 참여가 확대되고 있으며, 이를 통해 NAB가 단순한 장비 중심 행사가 아니라, 미디어 산업 전반을 포괄하는 종합 전시회로 진화하고 있음을 보여줌.","- AI 솔루션 : AI 기반 콘텐츠 제작, 자동화, 분석 워크플로우 전시 (예: Vizrt, Amagi, ENCO 등) - 하드웨어 인프라 : 카메라, 방송용 장비, KVM 시스템, IP 전송 장비 등 (Black Box, Net Insight 등) - 소프트웨어 솔루션 : 편집, 멀티미디어 관리 및 자동화, 자막·번역·플레이아웃 소프트웨어 - Cloud 및 Streaming : 클라우드 기반 브로드캐스트 시스템, FAST 플랫폼 지원 기술 - 제작 지원 장비 : 카메라 액세서리, 디스플레이 시스템, VFX 및 그래픽 툴 - 이 외 AI Innovation, Startup, Creator, 스포츠 콘텐츠 허브 등 테마형 공간 구성",670000,sqft (ft²),기타,,N,2027-04-04,4
505,2027,북미지역본부 실리콘밸리무역관,N,Functional Fabric Fair Spring 2027,2027 미국 포틀랜드 춘계 아웃도어스포츠 기능성 섬유 박람회,FFF (Spring/Fall),2027-04-08,2027-04-09,N,,,미국,포틀랜드,오프라인,Oregon Convention Center,"아웃도어, 라이프스타일, 액티브웨어 등 고성능 기능성 섬유 및 부자재에 특화된 북미 최고의 전문 소싱 전시회","아웃도어, 라이프스타일, 액티브웨어 등 고성능 기능성 섬유 및 부자재에 특화된 북미 최고의 전문 소싱 전시회","아웃도어스포츠 기능성 섬유, 소재, 원부자재, 액세서리",52000,sqft (ft²),기타,,N,2027-04-08,4
506,2027,북미지역본부 뉴욕무역관,N,Artexpo New York ,2027 미국 뉴욕 아트 엑스포 전시회 [Artexpo New York],Artexpo New York,2027-04-08,2027-04-11,N,,,미국,뉴욕,오프라인,Pier 36 NYC,"뉴욕에서 손꼽히는 아트 전시회로 매년 미국 뉴욕에서 개최되며 미술, 인테리어, 실내장식 및 공예품 등을 전시하며 약 20개국의 아티스트들이 참가함",,"미술, 인테리어, 예술, 실내장식, 공예품 등",150000,sqft (ft²),문화콘텐츠&미디어,"★본 전시회는 주최 측 사정에 따라 개최 일정 또는 개최 여부가 변경될 수 있으므로, 참가 및 참관 전 반드시 주최 측 또는 전시장에 사전 문의해 주시기 바랍니다. 

또한 주최 측에서는 전년도 참가 성과 관련 정보를 별도로 공개하지 않고 있음",N,2027-04-08,4
516,2027,북미지역본부 애틀랜타무역관,N,2027 PACK EXPO Southeast ,2027 미국 애틀랜타 포장  전시회 [PACK EXPO Southeast ],PACK EXPO Southeast ,2027-04-12,2027-04-14,N,,,미국,애틀란타(GA),오프라인,Georgia World Congress Center,"식품·음료·제약·소비재 산업을 위한 포장 및 가공(Processing) 기술 전문 전시회로, 최신 자동화 설비, 로봇, 포장재, 라벨링·코딩 장비 등 포장 산업 전반의 솔루션을 소개하는 B2B 무역 전시회입니다.","식품·음료·제약·소비재 산업을 위한 포장 및 가공(Processing) 기술 전문 전시회로, 최신 자동화 설비, 로봇, 포장재, 라벨링·코딩 장비 등 포장 산업 전반의 솔루션을 소개하는 B2B 무역 전시회입니다.","최신 자동화 설비, 로봇, 포장재, 라벨링·코딩 장비 등 포장 산업 전반의 솔루션 ",110000,sqft (ft²),"전기전자&반도체, 물류&운송, 기계&장비","★ 본 전시회는 주최측의 사정에 따라 개최일자 또는 개최 여부가 변동될 수 있으므로 전시회 참가 및 참관 전 반드시 주최자 또는 전시장으로 사전문의 바랍니다.

- 주요 참가국 및 참가국수는 확인이 공식적으로 불가하나 전년도 전체 참가업체수는 약 504개사 이며 전체 참관객수는 약 9,500명으로 확인. ",N,2027-04-12,4
519,2027,북미지역본부 뉴욕무역관,N,Interphex ,2027 미국 뉴욕 의약품 전시회 [Interphex],Interphex 추가요망,2027-04-13,2027-04-15,N,,,미국,뉴욕,오프라인,Jacob K. Javits Convention Center,"매년 뉴욕에서 개최되는 의약품 전시회로서 FDA 인증을 취득한 여러 우수 기업이 참가하며 국제 제약, 생명 공학, 의료기기 등 의약품에 관련된 전 라이프 사이클(Full Life-Cycle) 플레이어들이 새로운 제품 및 기술을 전시하고 정보를 교환할 수 있는 플랫폼을 제공함",,"의약품, 제약, 바이오 기술, 의료 산업 관련 상품 등",150000,sqft (ft²),"바이오, 의료&제약","★ 본 전시회는 주최 측의 사정에 따라 개최 일자 또는 개최 여부가 변동될 수 있으므로 전시회 참가 및 참관 전 반드시 주최자 또는 전시장으로 사전문의 바랍니다. 



ㅇ 전년도 참가성과 추후 업데이트 예정",N,2027-04-13,4
556,2027,북미지역본부 워싱턴DC무역관,N,Awesome Con 2027,2027 미국 워싱턴 만화 전시회 [Awesome Con],Awesome Con,2027-04-23,2027-04-25,N,,,미국,워싱턴,오프라인,Walter E Washington Convention Center,"Awesome Con은 워싱턴 D.C.에서 열리는 주요 코믹 컨벤션으로, 다양한 팬 문화와 엔터테인먼트를 기념하는 행사입니다. 이 행사에는 만화, 영화, TV, 장난감, 게임 등 다양한 요소들이 포함되며, 약 60,000명의 참가자가 즐길 수 있습니다. 워싱턴 D.C.의 Walter E. Washington Convention Center에서 매년 개최되며, 가족 친화적인 분위기와 포괄적인 프로그램으로 유명합니다​",,"만화책, 영화, TV 시리즈, 장난감, 게임, 코스프레, 애니메이션 등 다양한 대중문화 관련 아이템들",2300000,sqft (ft²),문화콘텐츠&미디어,"★ 본 전시회는 주최측의 사정에 따라 개최일자 또는 개최 여부가 변동될 수 있으므로 전시회 참가 및 참관 전 반드시 주최자 또는 전시장으로 사전문의 바랍니다.



* 현재 공개된 정보는 행사 개요와 전반적인 규모에 대한 일반적인 자료에 한정되며, 참가국 수, 구체적인 전체 참가업체 수 등 세부 통계는 제공되지 않은 상태입니다. 이에 따라 관련 성과 수치를 보고서에 기재할 수 없음을 양해 부탁드립니다.",N,2027-04-23,4
567,2027,북미지역본부 뉴욕무역관,N,PFS & Injectable Drug Devices East Coast,2027 미국 보스턴 PFS 및 주사제 기기 전시회  [PFS & Injectable Drug Devices East Coast],PFS & Injectable Drug Devices East Coast,2027-04-26,2027-04-28,N,,,미국,보스턴,오프라인,미정,"선충전(pre-filled syringe, PFS) 및 주사제(injectable drug delivery devices) 기기 설계, 제조, 조합 제품(combination products), 연결성(connectivity), 지속 가능성(sustainability) 등 최신 트렌드와 기술 혁신을 집중 조명하는 전문 컨퍼런스. 업계 리더, 기기 설계자, 제약회사, 의료기기 제조업체 등이 모여 주사제 및 PFS 제품 포트폴리오 개선, 규제 요건, 품질 제어, 사용자 경험, 자동화, 신소재, 충전 기술, 멸균, 포장, 연결성 등을 주제로 정보 공유하고 네트워킹을 함.",,"PFS 디자인 및 시스템, 주사제 전달 기기 / 조합 제품, 소재 및 포장, 연결성 & 스마트 기술 등",150000,sqft (ft²),"의료&제약, 바이오","★ 본 전시회는 주최 측의 사정에 따라 개최 일자 또는 개최 여부가 변동될 수 있으므로 전시회 참가 및 참관 전 반드시 주최자 또는 전시장으로 사전문의 바랍니다.

- 추후 전년도 성과 업데이트 예정

",N,2027-04-26,4
590,2027,북미지역본부 로스앤젤레스무역관,N,THE JCK LAS VEGAS SHOW 2027,2027 미국 라스베가스 보석 전시회,JCK ,2027-05,2027-05,N,,,미국,라스베가스,오프라인,The Venetian-Sands Expo Convention Center,"미국 라스베가스에서 매년 개최되는 JCK Las Vegas Jewelry Show(이하 JCK)는 북미 최대 규모이자 세계적으로 가장 권위 있는 보석 전문 전시회입니다.  1992년 첫 개최 이후 꾸준히 성장해 온 JCK는 현재 글로벌 주얼리 산업을 대표하는 핵심 행사로, 2025년 기준 약 1,800여 개 업체와 130여 개국에서 온 18,000명 이상의 업계 관계자가 참여하는 세계적 전시회입니다.  JCK는 파인 주얼리, 패션 주얼리, 다이아몬드, 유색 보석, 진주, 시계 등 다양한 완제품뿐 아니라 제작 장비, 기술, 포장 및 디스플레이 솔루션까지 산업 전반을 아우르는 품목을 전시합니다. 이러한 전시는 세분화된 구역(Neighborhood)으로 구성되어 바이어와 참가기업이 관심 분야를 효율적으로 탐색할 수 있도록 설계되어 있으며, 전시장 전체가 세계 주얼리 산업의 동향을 집약적으로 보여주는 장으로 기능하고 있습니다.  무엇보다도 가장 큰 특징은 실질적인 비즈니스 성과 창출입니다. 미국 주요 리테일러와 글로벌 바이어, 디자이너, 브랜드 관계자들이 직접 참가하여 활발한 상담을 진행하며, 현장에서 즉시 주문과 장기적 계약이 이루어지는 사례가 다수 보고되고 있습니다. 또한 북미를 비롯해 중남미, 유럽, 아시아 등 다양한 권역의 바이어가 집결함으로써 참가기업은 새로운 판로 개척과 글로벌 네트워크 확장의 기회를 확보할 수 있습니다. 또한 JCK 전시회는 산업 지식과 트렌드를 선도하는 기능도 수행합니다. 전시 기간 중 열리는 ‘JCK Talks’ 세미나에서는 디지털 전환, 지속가능성, 윤리적 공급망 등 업계 현안을 다루며, ‘트렌드 갤러리’와 ‘혁신관’에서는 향후 시장을 주도할 디자인과 신기술을 제시합니다. 아울러 JCK는 여성 디자이너 및 소수자 기업 지원, 지속가능성 확대 등 국제적 흐름을 반영하여 업계의 포용성과 책임성을 강화하고 있습니다. 아울러, 병행 개최되는 AGTA GemFair와 앤틱·빈티지 주얼리 쇼는 전문성과 차별성을 더하며, 시상식과 리셉션 등 프로그램은 참가자 간 교류를 촉진하고 브랜드 홍보에 기여하고 있습니다.  종합적으로 JCK Las Vegas는 산업 동향 파악, 바이어 발굴, 판로 개척, 네트워크 형성 등 주얼리 산업 발전에 필요한 기능을 종합적으로 제공하는 플랫폼이며, 글로벌 경쟁력 제고와 세계 시장 진출을 모색하는 기업이라면 반드시 참가해야 할 핵심 전시회입니다.","미국 라스베가스에서 매년 개최되는 JCK Las Vegas Jewelry Show(이하 JCK)는 북미 최대 규모이자 세계적으로 가장 권위 있는 보석 전문 전시회입니다.  1992년 첫 개최 이후 꾸준히 성장해 온 JCK는 현재 글로벌 주얼리 산업을 대표하는 핵심 행사로, 2025년 기준 약 1,800여 개 업체와 130여 개국에서 온 18,000명 이상의 업계 관계자가 참여하는 세계적 전시회입니다.  JCK는 파인 주얼리, 패션 주얼리, 다이아몬드, 유색 보석, 진주, 시계 등 다양한 완제품뿐 아니라 제작 장비, 기술, 포장 및 디스플레이 솔루션까지 산업 전반을 아우르는 품목을 전시합니다. 이러한 전시는 세분화된 구역(Neighborhood)으로 구성되어 바이어와 참가기업이 관심 분야를 효율적으로 탐색할 수 있도록 설계되어 있으며, 전시장 전체가 세계 주얼리 산업의 동향을 집약적으로 보여주는 장으로 기능하고 있습니다.  무엇보다도 가장 큰 특징은 실질적인 비즈니스 성과 창출입니다. 미국 주요 리테일러와 글로벌 바이어, 디자이너, 브랜드 관계자들이 직접 참가하여 활발한 상담을 진행하며, 현장에서 즉시 주문과 장기적 계약이 이루어지는 사례가 다수 보고되고 있습니다. 또한 북미를 비롯해 중남미, 유럽, 아시아 등 다양한 권역의 바이어가 집결함으로써 참가기업은 새로운 판로 개척과 글로벌 네트워크 확장의 기회를 확보할 수 있습니다. 또한 JCK 전시회는 산업 지식과 트렌드를 선도하는 기능도 수행합니다. 전시 기간 중 열리는 ‘JCK Talks’ 세미나에서는 디지털 전환, 지속가능성, 윤리적 공급망 등 업계 현안을 다루며, ‘트렌드 갤러리’와 ‘혁신관’에서는 향후 시장을 주도할 디자인과 신기술을 제시합니다. 아울러 JCK는 여성 디자이너 및 소수자 기업 지원, 지속가능성 확대 등 국제적 흐름을 반영하여 업계의 포용성과 책임성을 강화하고 있습니다. 아울러, 병행 개최되는 AGTA GemFair와 앤틱·빈티지 주얼리 쇼는 전문성과 차별성을 더하며, 시상식과 리셉션 등 프로그램은 참가자 간 교류를 촉진하고 브랜드 홍보에 기여하고 있습니다.  종합적으로 JCK Las Vegas는 산업 동향 파악, 바이어 발굴, 판로 개척, 네트워크 형성 등 주얼리 산업 발전에 필요한 기능을 종합적으로 제공하는 플랫폼이며, 글로벌 경쟁력 제고와 세계 시장 진출을 모색하는 기업이라면 반드시 참가해야 할 핵심 전시회입니다.","•  귀금속 주얼리(골드, 실버, 플래티넘) •  다이아몬드 및 진주 주얼리 •  컬러 스톤 및 반가공 원석 •  디자이너 주얼리 및 패션 주얼리 •  고급 시계 및 럭셔리 액세서리 •  주얼리 제조 장비 및 가공 기계 • 3D 프린팅·CAD 등 첨단 공정 기술",52000,sqm(㎡),뷰티&미용용품,,N,2027-05-01,5
637,2027,북미지역본부 애틀랜타무역관,N,"2027 Orlando NPE, The Plastic Show  ",2027 미국 올랜도 플라스틱 전시회 [NPE],NPE,2027-05-03,2027-05-07,N,,,미국,올랜도,오프라인,Orange County Convention Center,"NPE 2027은 전 세계 플라스틱 산업을 대표하는 가장 큰 전시회 중 하나로,  미국 플로리다 올랜도에서 개최됩니다.",세계 최대급 플라스틱 산업 행사,"플라스틱 소재, 가공 장비, 자동화 기술, 재활용·친환경 솔루션 등 플라스틱 산업 전반에 걸친 최신 기술과 제품",110000,sqm(㎡),기타,"★ 본 전시회는 주최측의 사정에 따라 개최일자 또는 개최 여부가 변동될 수 있으므로 전시회 참가 및 참관 전 반드시 주최자 또는 전시장으로 사전문의 바랍니다.

*개최국 및 외국 업체수는 공식적으로 확인 불가 단, 전년도 참가업체수는 2,200사며 전체 참관객수는 약 51,396명 으로 확인됨. ",N,2027-05-03,5
668,2027,북미지역본부 뉴욕무역관,N,VineExpo,2027 미국 와인 전시회  [VineExpo],VineExpo,2027-05-11,2027-05-12,N,,,미국,마이애미,오프라인,Miami Beach Convention Center,"Vinexpo America는 1981년 보르도 지롱드 상공 회의소가 와인 및 주류 전문가를 위해 시작한 전시회로 홍콩, 뉴욕, 파리, 도쿄 등에서 개최되며 전 세계 와인 업체와 주요 유통업체, 제조업자 및 소매업자 등 업계 전문가들이 모여 비즈니스 네트워킹과 더불어 최신 트렌드와 다양한 제품을 경험할 수 있는 와인 산업의 주요 이벤트 중 하나. 와인 시음부터 패널토론 등 다양한 프로그램을 제공함",,"와인, 와인 관련 제품 등",150000,sqft (ft²),식품&음료,"★본 전시회는 주최 측 사정에 따라 개최 일정 또는 개최 여부가 변경될 수 있으므로, 참가 및 참관 전 반드시 주최 측 또는 전시장에 사전 문의해 주시기 바랍니다. 

또한 주최 측에서는 전년도 참가 성과 관련 정보를 별도로 공개하지 않고 있음, 차년도 개최 일정 역시 현재까지 확정 및 공지되지 않은 상태입니다.",N,2027-05-11,5
674,2027,북미지역본부 뉴욕무역관,N,Eastec Exposition,2027 미국 보스턴 제조 전시회 [Eastec Exposition],Eastec Exposition,2027-05-11,2027-05-13,N,,,미국,보스턴,오프라인,Eastern States Exposition,미 동부 최대 제조 무역 전문 전시회로 고급 제조 장비부터 적층 제조 및 자동화와 같은 스마트 기술에 이르기까지 다양한 영역의 기술들이 전시되며 비즈니스 네트워크를 구축하고 업계 전문가로부터 최신 기술을 경험할 수 있는 기회를 제공함,,"금속 산업, 기계 산업, 로봇 기술, 공구 및 하드웨어, 측정 및 검사 장비, 3D 기술, 그래픽 등 제조업 관련 기술 및 솔루션",150000,sqft (ft²),"금속&광물, 기계&장비","★본 전시회는 주최 측 사정에 따라 개최 일정 또는 개최 여부가 변경될 수 있으므로, 참가 및 참관 전 반드시 주최 측 또는 전시장에 사전 문의해 주시기 바랍니다. 

또한 주최 측에서는 전년도 참가 성과 관련 정보를 별도로 공개하지 않고 있음,",N,2027-05-11,5
684,2027,북미지역본부 뉴욕무역관,N,2027 US Pharma and Biotech Summit,2027 미국 뉴욕 제약 및 바이오 서밋 전시회 [US Pharma and Biotech Summit],US Pharma and Biotech Summit,2027-05-13,2027-05-13,N,,,미국,,오프라인,미정,"미국 제약·바이오산업의 정책, 의약품 가격, 투자환경 및 기술 변화에 따른 성장 전략을 논의하는 글로벌 콘퍼런스. 제약·바이오기업 경영진, 투자자, 정책 관계자 등이 참여해 AI 기반 연구개발, 임상시험 혁신, 시장 접근성, 인수합병 및 바이오기업 자금조달 등을 공유하고 네트워킹하는 자리.",,"AI 기반 신약 연구개발, 임상시험, 의약품 가격 및 시장 접근, 바이오 투자·IPO, 인수합병, 환자 참여, 규제정책",150000,sqft (ft²),"의료&제약, 바이오","★ 본 전시회는 주최 측의 사정에 따라 개최 일자 또는 개최 여부가 변동될 수 있으므로 전시회 참가 및 참관 전 반드시 주최자 또는 전시장으로 사전문의 바랍니다.

- 추후 전년도 성과 업데이트 예정

",N,2027-05-13,5
695,2027,북미지역본부 뉴욕무역관,N,Bio IT World Conference & Expo],2027 미국 보스턴  바이오 IT 컨퍼런스 및 전시회 [Bio IT World Conference & Expo],Bio IT World Conference & Expo,2027-05-18,2027-05-20,N,,,미국,보스턴,오프라인,미정,"정밀 의학(precision medicine)을 중심으로 생명과학, 제약, 임상 연구, 헬스케어, 바이오인포매틱스, 데이터 과학/AI 기술 등이 만나는 글로벌 컨퍼런스 및 엑스포. 최신 기술 및 분석 기법이 과학 문제 해결, 신약 개발, 환자 치료 결과 개선 등에 어떻게 적용되는지를 공유하고 네트워킹, 워크숍, 발표, 전시 등이 이루어지는 자리.",,"데이터 플랫폼, 저장 인프라, AI, 임상개발 및 헬스케어 디지털화 등",150000,sqft (ft²),"의료&제약, 정보통신기술(IT)&S/W, 바이오","★ 본 전시회는 주최 측의 사정에 따라 개최 일자 또는 개최 여부가 변동될 수 있으므로 전시회 참가 및 참관 전 반드시 주최자 또는 전시장으로 사전문의 바랍니다.

- 추후 전년도 성과 업데이트 예정

",N,2027-05-18,5
703,2027,북미지역본부 뉴욕무역관,N,2027 MD&M East,2027 미국 동부 의료기기 전시회 [MD&M East],MD&M East,2027-05-19,2027-05-20,N,,,미국,뉴욕,오프라인,Jacob K. Javits Convention Center,"미국 동부 최대 규모의 첨단 설계·제조 산업 전시회로, 의료기기 제조, 자동화·로봇, 포장, 제품 설계 및 제조, 플라스틱, 품질관리 등 6개 산업 분야를 한자리에서 다루는 행사. 제조기업, 엔지니어, 제품개발자 및 구매 담당자가 참가해 최신 부품·소재·장비와 제조 솔루션을 소개하고 기술협력 및 공급망 구축 기회를 모색함.",,"의료기기 및 의료기기 부품, 자동화·로봇 시스템, 포장기계 및 포장재, 제품 설계·엔지니어링 솔루션, 플라스틱·폴리머 소재 및 가공기술, 3D 프린팅, 센서·전자부품, 정밀가공 장비, 시험·검사 및 품질관리 솔루션",150000,sqft (ft²),"의료&제약, 바이오","★ 본 전시회는 주최 측의 사정에 따라 개최 일자 또는 개최 여부가 변동될 수 있으므로 전시회 참가 및 참관 전 반드시 주최자 또는 전시장으로 사전문의 바랍니다.

- 추후 전년도 성과 업데이트 예정

",N,2027-05-19,5
704,2027,북미지역본부 뉴욕무역관,N,MD&M East,2027 미국 동부 의료기기 전시회 [MD&M East],MD&M East,2027-05-19,2027-05-20,N,,,미국,뉴욕,오프라인,Jacob K. Javits Convention Center,"미국 동부 지역에서 열리는 의료기기(MedTech) / 제품 설계 및 제조 / 포장 / 자동화 / 플라스틱 / 품질 관리(quality) 등 디자인-제조(full product lifecycle) 전 과정을 아우르는 대규모 박람회. 제조회사, 부품/소재 공급업체, 엔지니어, 제품 개발자, 품질·규제 담당자, 자동화 및 패키징 기술 전문가 등이 모여 최신 기술, 혁신 트렌드, 공정 개선, 지속 가능한 소재, 자동화/스마트 제조 등을 공유하고 네트워킹을 함. MD&M East와 South가 번갈아가면서 진행",,"MedTech, 의료기기 설계, 자동화 및 고급 제조, 포장, 소재, 제조 품질 및 규제 등",400000,sqft (ft²),"의료&제약, 바이오","★ 본 전시회는 주최 측의 사정에 따라 개최 일자 또는 개최 여부가 변동될 수 있으므로 전시회 참가 및 참관 전 반드시 주최자 또는 전시장으로 사전문의 바랍니다.

ㅇ 전년도 참가 성과 추후 업데이트 예정",N,2027-05-19,5
706,2027,북미지역본부 뉴욕무역관,N,EastPack,2027 미국 뉴욕 포장산업 전시회 [EASTPACK],EASTPACK,2027-05-19,2027-05-20,N,,,미국,뉴욕,오프라인,Jacob K. Javits Convention Center,"매년 미국 뉴욕에서 열리는 포장 산업 전문 전시회로 업계 전문가와 전 세계 업체들이 참가하여 최신 트렌드를 공유하며 포장 기계, 재료, 컨테이너, 디자인 및 솔루션 등 포장 산업 전반에 걸친 다양한 제품과 혁신적인 기술을 선보임",,"전시제품: 포장 기계 및 자동화 기계, 식음료 포장, 의료용품 포장, 가정용/산업용 포장, 개인위생 포장 등 포장 산업과 관련된 다양한 제품과 기술 (기계, 자재, 재료)",150000,sqft (ft²),"기계&장비, 기타","★본 전시회는 주최 측 사정에 따라 개최 일정 또는 개최 여부가 변경될 수 있으므로, 참가 및 참관 전 반드시 주최 측 또는 전시장에 사전 문의해 주시기 바랍니다. 

또한 주최 측에서는 전년도 참가 성과 관련 정보를 별도로 공개하지 않고 있음, 차년도 개최 일정 역시 현재까지 확정 및 공지되지 않은 상태입니다.",N,2027-05-19,5
714,2027,북미지역본부 뉴욕무역관,N,2027 CPHI North America,2027 미국 마이애미 의약품 제약 전시회 [CPHI North America],CPHI North America,2027-05-25,2027-05-26,N,,,미국,마이애미,오프라인,Miami Beach Convention Center,"미국 마이애미에서 열리는 제약 전문 전시회로 의료 및 제약, 포장 재료, 플랜트, 기계 및 장비, 연구 개발 기술 등과 같은 제품을 전시하며 관련 산업의 트렌드와 동향을 파악하고 업계 전문가들과 교류할 수 있는 기회를 제공함",,"제약, 의약품, 의료장비 등",150000,sqft (ft²),"의료&제약, 바이오","★ 본 전시회는 주최 측의 사정에 따라 개최 일자 또는 개최 여부가 변동될 수 있으므로 전시회 참가 및 참관 전 반드시 주최자 또는 전시장으로 사전문의 바랍니다.

- 추후 전년도 성과 업데이트 예정

",N,2027-05-25,5
732,2027,북미지역본부 로스앤젤레스무역관,N,Las Vegas IECSC/BE 2027,2027 미국 라스베가스 IECSC 국제 미용&스파 전시회,IECSC/BE,2027-06,2027-06,N,,,미국,라스베가스,오프라인,Las Vegas Convention Center,0,"IECSC는 Health와 Wellness를 최우선 가치로 두고 제품의 브랜드와 비즈니스 네트워크를 펼칠 수 있는 최고의 이벤트를 제공한다. 현재 북미 대륙을 포함하여 전 세계적으로 스파와 웰니스 시장은 미화 1,190억 달러 규모로 성장하였다. 그 성장세는 지속되리라 전망되고 있으며 IECSC는 그 성장세의 중심에서 기회의 장이 될 것이다. 스킨케어/에스테틱/스파 전문 전시회로 유명한 IECSC 시리즈는 뉴욕을 필두로 미국 3개 도시를 순회하고 있으며, B2B 전문 전시회인 만큼 세계 각 국의 뷰티 관련 참관객들이 주를 이루고 있다.","스파/에스테틱 관련 서비스 및 제품, 스킨케어, 메이크업, 제모, PB상품, 마사 지, 반영구 시술, 미세 박피술 및 기계, 미용 장비 및 부자재, 태닝, 팩키징 헤어, 네일, 아로마 테라피 등",76251,sqft (ft²),뷰티&미용용품,0,N,2027-06-01,6
766,2027,북미지역본부 뉴욕무역관,N,DeviceTalks Boston,2027 미국 보스턴 의료기기  전시회(Device Talks)  [DeviceTalks Boston],DeviceTalks Boston,2027-06-02,2027-06-03,N,,,미국,보스턴,오프라인,Boston Convention & Exhibition Center,"의료기기 업계의 혁신, 제품 개발, 제조, 규제, 투자, 시장 출시 등 전 과정을 아우르는 행사야. 엔지니어, 제품 개발자, 경영진, 투자자, 규제/품질 담당자 등 다양한 역할의 전문가들이 모여 의료기기 설계와 상업화의 최신 트렌드, 기술, 도전 과제, 케이스 스터디, 네트워킹 기회 등을 공유하는 자리야. 워크숍, 키노트 발표, 기술/제조/재료/규제 세션, 전시장(Expo) 등이 포함됨",,"제품 개발, 엔지니어링, 제조 공정, 자동화, 신소재, 규제 및 시장 출시, 투자 및 비즈니스 전략, 최신 기술 트렌드 등",150000,sqft (ft²),"의료&제약, 바이오","★ 본 전시회는 주최 측의 사정에 따라 개최 일자 또는 개최 여부가 변동될 수 있으므로 전시회 참가 및 참관 전 반드시 주최자 또는 전시장으로 사전문의 바랍니다.

- 추후 전년도 성과 업데이트 예정

",N,2027-06-02,6
774,2027,북미지역본부 뉴욕무역관,N,2027 ASCO Oncology Metting,2027 미국 시카고 임상 종양학 전시회 [ASCO Oncology Metting],ASCO Oncology Metting,2027-06-04,2027-06-08,N,,,미국,시카고,오프라인,McCormick Place,"세계 각국의 종양학 전문의, 연구자, 제약·바이오기업 및 의료 관계자가 참여해 최신 암 연구 결과와 임상시험 데이터를 발표하고, 암 진단·치료 기술 및 환자 관리 발전 방향을 논의하는 세계적인 종양학 학술대회 및 전시회. 학술 발표, 교육 세션, 포스터 발표, 기업 전시 및 네트워킹 프로그램 등이 운영됨.",,"항암제 및 면역항암제, 표적치료제, 암 진단·바이오마커, 유전체·분자진단 기술, 정밀의료, 임상시험 및 연구지원 서비스, 의료기기, 디지털 헬스·AI, 환자 관리 솔루션",150000,sqft (ft²),"의료&제약, 바이오","★ 본 전시회는 주최 측의 사정에 따라 개최 일자 또는 개최 여부가 변동될 수 있으므로 전시회 참가 및 참관 전 반드시 주최자 또는 전시장으로 사전문의 바랍니다.

- 추후 전년도 성과 업데이트 예정

",N,2027-06-04,6
776,2027,북미지역본부 뉴욕무역관,N,International Franchise Expo ,2027 미국 뉴욕 프랜차이즈 전시회 [IFE],IFE,2027-06-04,2027-06-05,N,,,미국,뉴욕,오프라인,Jacob K. Javits Convention Center,"매년 뉴욕에서 열리는 프랜차이즈 전문 전시회로 식품, 서비스, 외식, 헬스, 교육, 유통, 컨설팅, 도소매 등 다양한 분야의 프랜차이즈 모델과 브랜드가 소개되며 전 세계의 프랜차이즈 기회를 한자리에서 만날 수 있음. 전시회를 통해 새로운 비즈니스 기회를 탐색하고, 동시에 업계 전문가가 제공하는 프랜차이즈 운영 및 마케팅 전략에 대한 정보를 얻을 수 있음",,"도소매, 외식, 식품, 서비스, 프랜차이즈 지원 서비스 등 다양한 프랜차이즈 모델 및 관련 상품",150000,sqft (ft²),식품&음료,"★본 전시회는 주최 측 사정에 따라 개최 일정 또는 개최 여부가 변경될 수 있으므로, 참가 및 참관 전 반드시 주최 측 또는 전시장에 사전 문의해 주시기 바랍니다. 

또한 주최 측에서는 전년도 참가 성과 관련 정보를 별도로 공개하지 않은 상태입니다.",N,2027-06-04,6
779,2027,북미지역본부 뉴욕무역관,N,2027 Bio International Convention,2027 미국 필라델피아 바이오 전시회 [BIO USA],BIO USA,2027-06-07,2027-06-10,N,,,미국,필라델피아,오프라인,Pennsylvania Convention Center,"미국 바이오 전시회는 KOTRA와 한국바이오협회가 2009년부터 매년 한국관을 공동운영 수행 해온 행사로, 한국은 북미 지역에 이어 가장 큰 규모의 국가관 운영, 그리고 참관객도 가장 많은 국가 중 하나인 전시회이다. 코로나-19의 여파로 20년, 21년 2년간 온라인으로 개최되었음에도 파트너링 및 미팅 건수는 타 전시에 비해 월등히 많았으며, 판데믹 이후 최초 오프라인으로 개최된 23년의 경우 전세계의 많은 기업들과 업계 관계자들이 참석하여 우리 기업들의 24년도 참가 문의가 계속 이어지고 있다. 세계 최대 규모의 제약 바이오 전시이기에 우리나라 기업에게 본 행사를 통해 글로벌 수출 및 협력을 지원해주고자 한다.",,"바이오 연료, 바이오 IT, 생물 의약품, 세포 생물학, 화학, 약물 전달체계, 지적재산권, 의료장비 등",150000,sqft (ft²),"바이오, 의료&제약","★ 본 전시회는 주최 측의 사정에 따라 개최 일자 또는 개최 여부가 변동될 수 있으므로 전시회 참가 및 참관 전 반드시 주최자 또는 전시장으로 사전문의 바랍니다.

- 추후 전년도 성과 업데이트 예정

",N,2027-06-07,6
782,2027,북미지역본부 뉴욕무역관,N,NYSCC Suppliers’ Day ,2027 미국 뉴욕 뷰티 전시회(Suppliers' Day) [NYSCC Suppliers' Day],NYSCC Suppliers' Day,2027-06-08,2027-06-09,N,,,미국,뉴욕,오프라인,Jacob K. Javits Convention Center,"미국 뉴욕에서 개최되는 북미 최대 규모의 화장품 원료·화장품 R&D 전문 B2B 전시회입니다.  이 전시는 화장품 과학자, 원료 공급사, 브랜드 개발자, 연구소 및 제조사가 한자리에 모여 최신 화장품 기술, 원료, 포뮬레이션 솔루션을 공유하고 거래하는 기술 중심 전시회입니다.  특히 북미 화장품 산업의 핵심 네트워킹 플랫폼으로, 신규 원료 트렌드 및 혁신 기술이 가장 빠르게 소개되는 행사 중 하나입니다.",,"화장품 원료, 기능성 성분, 천연원료 등",150000,sqft (ft²),"기타, 뷰티&미용용품","★본 전시회는 주최 측 사정에 따라 개최 일정 또는 개최 여부가 변경될 수 있으므로, 참가 및 참관 전 반드시 주최 측 또는 전시장에 사전 문의해 주시기 바랍니다. 

또한 주최 측에서는 전년도 참가 성과 관련 정보를 별도로 공개하지 않음",N,2027-06-08,6
786,2027,북미지역본부 뉴욕무역관,N,Bar Convent Brooklyn,2027 미국 뉴욕 바 & 음료 전시회 [BCB (Bar Convent Brooklyn)],BCB (Bar Convent Brooklyn),2027-06-08,2027-06-09,N,,,미국,뉴욕,오프라인,Brooklyn Expo Center,"Bar Convent Brooklyn [BCB] 에서는 전세계의 업계 전문가 ((1) Bar – 경영자, 바텐더, 운영관리자/ (2)알콜, 음료 – 제조업체, 유통업체, 수입업체 / (3) 레스토랑 – 경영자, 매니저) 들을 초대하여 프리미엄 브랜드, 의사결정자 및 영향력이 있는 동종업계 사람들과의 네트워크를 형성하고 국내외 시장의 새로운 트렌드, 기술 및 제품에 대해서 공유하여 잠재적인 비즈니스 기회를 창출 할 수 있는 플랫폼이 있는 전시회임. 또한, 참석자들은 업계 최고 전문가들의 시연, 기조 연설 및 패널 토론에 참석 할 수도 있음. 21세 이상만 참관 가능한 전시회임. (21세 이하 입장불가)",,바 또는 클럽 등의 공급 물품 및 셋팅 물품,150000,sqft (ft²),"기타, 식품&음료","★본 전시회는 주최 측 사정에 따라 개최 일정 또는 개최 여부가 변경될 수 있으므로, 참가 및 참관 전 반드시 주최 측 또는 전시장에 사전 문의해 주시기 바랍니다. 

또한 주최 측에서는 전년도 참가 성과 관련 정보를 별도로 공개하지 않고 있음",N,2027-06-08,6
806,2027,북미지역본부 뉴욕무역관,N,Philadelphia Auto Show,2027 미국 필라델피아 자동차 전시회,,2027-06-16,2027-06-24,N,,,미국,필라델피아,오프라인,Pennsylvania Convention Center,"1902년에 처음 개최되어 매년 필라델피아에서 열리는 대규모 자동차 전시회로 전 세계 자동차 브랜드 및 제조업체가 참가하여 다양한 모델, 최신 기술, 자동차 산업의 트렌드 및 자동차 관련 상품을 선보이며 참관객은 승용차, SUV, 전기차 등 다양한 차량을 직접 보고 체험할 수 있음",,"승용차, SUV, 트럭, 컨셉트 카, 전기차 및 하이브리드 차량, 친환경 차량 등 다양한 자동차 브랜드 및 모델",150000,sqft (ft²),자동차,"★본 전시회는 주최 측 사정에 따라 개최 일정 또는 개최 여부가 변경될 수 있으므로, 참가 및 참관 전 반드시 주최 측 또는 전시장에 사전 문의해 주시기 바랍니다. 

또한 주최 측에서는 전년도 참가 성과 관련 정보를 별도로 공개하지 않고 있음",N,2027-06-16,6
812,2027,북미지역본부 뉴욕무역관,N,2027 New York Valves: The Structural Heart Summit,2027 미국 뉴욕 심장질환 서밋 전시회 [New York Valves: The Structural Heart Summit],New York Valves: The Structural Heart Summit,2027-06-23,2027-06-25,N,,,미국,뉴욕,오프라인,Jacob K. Javits Convention Center,"중재심장학 전문의, 심장외과 전문의, 심장영상 전문가 및 관련 의료산업 관계자가 참여해 심장판막질환과 구조적 심장질환의 최신 치료법과 임상 연구를 공유하는 전문 학술대회 및 전시회. 경피적 판막 시술, 수술적 치료, 환자 선별, 의료영상, 시술 기법 및 합병증 관리 등을 중심으로 라이브 시술, 임상 발표, 실습 교육 및 기업 전시가 진행됨.",,"경피적 대동맥판막·승모판막·삼첨판막 치료기기, 인공심장판막, 구조적 심장질환 치료기기, 심장영상·진단장비, 카테터 및 시술 보조기기, 의료용 소프트웨어, 임상시험·연구지원 서비스, 시술 교육·시뮬레이션 솔루션",150000,sqft (ft²),"의료&제약, 바이오","★ 본 전시회는 주최 측의 사정에 따라 개최 일자 또는 개최 여부가 변동될 수 있으므로 전시회 참가 및 참관 전 반드시 주최자 또는 전시장으로 사전문의 바랍니다.

- 추후 전년도 성과 업데이트 예정

",N,2027-06-23,6
816,2027,북미지역본부 로스앤젤레스무역관,N,Outdoor Retailer & Outdoor Design+Innovation Summer Show,2027 미국 솔트레이크 하계 섬유패션 아웃도어용품 전시회,Outdoor Retailer & Outdoor Design+Innovation Summer Show,2027-06-23,2027-06-25,N,,,미국,솔트래크,오프라인,Salt Palace Convention Center,Outdoor Retailer & Outdoor Design+Innovation Summer Show,북미 최대 아웃도어스포츠전문박람회,"아웃도어스포츠의류, 용품, 기능성섬유, 신발, 캠핑용품, 레저용품, 원부자재, 액세서리 등",44100,sqm(㎡),기타,,Y,2027-06-23,6
817,2027,북미지역본부 로스앤젤레스무역관,N,2027 Outdoor Retailer & Outdoor Design+Innovation Summer Show,2027 미국 솔트레이크시티 하계 아웃도어용품 전시회,OR&amp;ODI Summer,2027-06-23,2027-06-25,N,,,미국,솔트래크,오프라인,Salt Palace Convention Center,0,북미 최대 아웃도어스포츠전문박람회,"아웃도어스포츠의류, 용품, 기능성섬유, 신발, 캠핑용품, 레저용품, 원부자재, 액세서리 등",44100,sqm(㎡),패션&섬유,0,N,2027-06-23,6
818,2027,북미지역본부 로스앤젤레스무역관,N,2027 Outdoor Retailer & Outdoor Design+Innovation Summer Show,2027 미국 솔트레이크시티 하계 아웃도어용품 전시회,OR&amp;ODI Summer,2027-06-23,2027-06-25,N,,,미국,솔트래크,오프라인,Salt Palace Convention Center,0,북미 최대 아웃도어스포츠전문박람회,"아웃도어스포츠의류, 용품, 기능성섬유, 신발, 캠핑용품, 레저용품, 원부자재, 액세서리 등",44100,sqm(㎡),패션&섬유,0,N,2027-06-23,6
819,2027,북미지역본부 로스앤젤레스무역관,N,2027 Outdoor Retailer & Outdoor Design+Innovation Summer Show,2027 미국 솔트레이크시티 하계 아웃도어용품 전시회,OR&amp;ODI Summer,2027-06-23,2027-06-25,N,,,미국,솔트래크,오프라인,Salt Palace Convention Center,0,북미 최대 아웃도어스포츠전문박람회,"아웃도어스포츠의류, 용품, 기능성섬유, 신발, 캠핑용품, 레저용품, 원부자재, 액세서리 등",44100,sqm(㎡),패션&섬유,0,N,2027-06-23,6
820,2027,북미지역본부 로스앤젤레스무역관,N,2027 Outdoor Retailer & Outdoor Design+Innovation Summer Show,2027 미국 솔트레이크시티 하계 아웃도어용품 전시회,OR&amp;ODI Summer,2027-06-23,2027-06-25,N,,,미국,솔트래크,오프라인,Salt Palace Convention Center,0,북미 최대 아웃도어스포츠전문박람회,"아웃도어스포츠의류, 용품, 기능성섬유, 신발, 캠핑용품, 레저용품, 원부자재, 액세서리 등",44100,sqm(㎡),패션&섬유,0,N,2027-06-23,6
826,2027,북미지역본부 뉴욕무역관,N,Summer Fancy Food Show ,2027 미국 뉴욕 푸드 전시회 [Fancy food show],Fancy food show ,2027-06-25,2027-06-27,N,,,미국,뉴욕,오프라인,Jacob K. Javits Convention Center,"매년 두 번 (여름, 겨울) 개최되는 북미 최대 B2B 무역 전문 식품 박람회로서 전 세계 유명 식품업체가 참여하고 다양한 종류의 식품이 전시되어 최신 제품 및 트렌드와 획기적인 아이디어 상품을 확인할 수 있는 주요 식품 행사. 일반 대중에게는 공개되지 않으며 전시 방문객 중 약 90%가 구매 결정권자로 식품 전문 종사자들이 참여하는 세계적인 규모의 식품 전문 전시회",,"음료 (알코올, 탄산, 전통차 등), 제과 제빵 자재, 농수산물, 가공식품, 과일 및 채소, 조미료 등과 같은 식자재 등",150000,sqft (ft²),식품&음료,"★본 전시회는 주최 측 사정에 따라 개최 일정 또는 개최 여부가 변경될 수 있으므로, 참가 및 참관 전 반드시 주최 측 또는 전시장에 사전 문의해 주시기 바랍니다. 

또한 주최 측에서는 전년도 참가 성과 관련 정보를 별도로 공개하지 않고 있음",N,2027-06-25,6
829,2027,북미지역본부 뉴욕무역관,N,Global Products Expo,2027 미국 뉴저지 소비재 및 식음료 전시회(Global Products Expo) [Global Products Expo],Global Products Expo,2027-06-26,2027-06-28,N,,,미국,뉴저지,오프라인,New Jersey Convention and Expo Center,"미국 뉴저지에서 개최되는 B2B 식품·음료 및 종합 소비재 무역 전시회로, 글로벌 제조사, 유통사, 리테일러 및 바이어를 연결하는 비즈니스 플랫폼입니다.  본 전시는 특히 중동, 지중해, 아시아 등 다양한 국가의 식품 및 소비재 브랜드가 미국 시장에 진출할 수 있도록 지원하는 수입·유통·파트너십 중심의 트레이드 쇼입니다.  행사는 뉴저지 컨벤션 센터에서 개최되며, 미국 내 유통망 및 리테일 바이어와 직접 연결되는 것이 특징입니다.",,"식품, 음료, 스낵, 제과, 제빵, 소스, 조미료, 커피, 차, 건강식품, 기능성 식품, 유기농 식품, 냉동식품, 가공식품, 향신료, 허브, 소스류, 식품 원료, 음료 베이스, 주류 대체 음료, 포장식품, 유통 및 리테일 제품, 패키징 솔루션 등",150000,sqft (ft²),식품&음료,"★본 전시회는 주최 측 사정에 따라 개최 일정 또는 개최 여부가 변경될 수 있으므로, 참가 및 참관 전 반드시 주최 측 또는 전시장에 사전 문의해 주시기 바랍니다. 

또한 주최 측에서는 전년도 참가 성과 관련 정보를 별도로 공개하지 않고 있음, 차년도 개최 일정 역시 현재까지 확정 및 공지되지 않은 상태입니다.",N,2027-06-26,6
849,2027,북미지역본부 뉴욕무역관,N,Texworld New York City,2027 미국 뉴욕 하계 텍스월드 전시회,,2027-07-01,2027-07-31,Y,,,미국,뉴욕,오프라인,Jacob K. Javits Convention Center,"매년 1월과 7월, 미국 뉴욕에서 개최되는 북미 지역 최대 규모의 섬유 전시회로 세계 유명 기업 및 다양한 업체와 제품 R&D 전문가, 디자이너 및 소싱 전문가 등 많은 업계 전문가가 참여하여 섬유 산업 전반에 걸친 다양한 제품을 선보이고 새로운 기술과 트렌드를 공유하며 비즈니스 네트워킹 기회를 제공함. 미국 시장에 제품을 소개하고, 시장 신규 진출 및 확대를 위한 기회를 모색할 수 있는 국제 비즈니스 전시회.",,"섬유류, 의류",150000,sqft (ft²),패션&섬유,"★본 전시회는 주최 측 사정에 따라 개최 일정 또는 개최 여부가 변경될 수 있으므로, 참가 및 참관 전 반드시 주최 측 또는 전시장에 사전 문의해 주시기 바랍니다. 

또한 주최 측에서는 전년도 참가 성과 관련 정보를 별도로 공개하지 않고 있음, 차년도 개최 일정 역시 현재까지 확정 및 공지되지 않은 상태입니다.",N,2027-07-01,7
875,2027,북미지역본부 뉴욕무역관,N,Functional Fabric Fair,2027 미국 뉴욕 기능성 섬유 전시회 [Functional Fabric Fair],,2027-07-20,2027-07-21,N,,,미국,뉴욕,오프라인,Jacob K. Javits Convention Center,"매년 미국 뉴욕에서 열리는 기능성 섬유 산업 주요 행사로 캘빈 클라인, 코치, 마이클 코어스 등 다수의 유명 의류 업체와 디자이너, 소싱 전문가, 재료 관리자 등 업계 전문가가 참가하며 비즈니스 네트워킹 기회와 함께 기능성 섬유 직물 산업 관련 최신 기술과 트렌드를 경험할 수 있음",,각종 기능성 섬유 및 의류 악세사리 등,150000,sqft (ft²),패션&섬유,"★본 전시회는 주최 측 사정에 따라 개최 일정 또는 개최 여부가 변경될 수 있으므로, 참가 및 참관 전 반드시 주최 측 또는 전시장에 사전 문의해 주시기 바랍니다. 

또한 주최 측에서는 전년도 참가 성과 관련 정보를 별도로 공개하지 않은 상태입니다.",N,2027-07-20,7
885,2027,북미지역본부 뉴욕무역관,N,Curve New York,2027 미국 뉴욕 수영복 및 란제리 전시회 [CurveNY],CurveNY,2027-08-01,2027-08-31,Y,,,미국,뉴욕,오프라인,Jacob K. Javits Convention Center,"매년 미국 뉴욕과 로스앤젤레스에서 열리는 북미 지역의 대표 수영복·란제리 전시회로 전 세계에서 약 1,000명 이상의 바이어가 참가하며 다양한 브랜드와 업계 전문가가 참여하여 의류 및 액세서리 등 다양한 제품을 선보이고 최신 트렌드를 공유함",,"패션&섬유, 건강&스포츠",150000,sqft (ft²),패션&섬유,"★본 전시회는 주최 측 사정에 따라 개최 일정 또는 개최 여부가 변경될 수 있으므로, 참가 및 참관 전 반드시 주최 측 또는 전시장에 사전 문의해 주시기 바랍니다. 

또한 주최 측에서는 전년도 참가 성과 관련 정보를 별도로 공개하지 않고 있음, 차년도 개최 일정 역시 현재까지 확정 및 공지되지 않은 상태입니다.",N,2027-08-01,8
895,2027,북미지역본부 워싱턴DC무역관,N,Otakon 2027,2027 미국 워싱턴 애니메이션 전시회 [OTAKON],OTAKON,2027-08-01,2027-08-31,Y,,,미국,워싱턴,오프라인,Walter E Washington Convention Center,"오타콘(Otakon)은 애니메이션, 만화, J-pop 및 동아시아 문화를 기념하는 세계 최대이자 최고의 축제입니다. 1994년에 시작된 **오타콘(Otakon)**은 매년 여름, 아시아 팝 문화(애니메이션, 만화, 음악, 영화, 비디오 게임 등)와 그 팬덤을 기념하기 위해 열리는 연례 컨벤션입니다.",,"예술, 게임, 애니메이션, 만화, 영화 등",100000,sqft (ft²),문화콘텐츠&미디어,"★ 본 전시회는 주최측의 사정에 따라 개최일자 또는 개최 여부가 변동될 수 있으므로 전시회 참가 및 참관 전 반드시 주최자 또는 전시장으로 사전문의 바랍니다.

★ 2027년도 웹사이트 개설은 아직 확인되지 않습니다.",N,2027-08-01,8
898,2027,북미지역본부 뉴욕무역관,N,MEDevice Boston],2027 미국 보스턴 의료기기 전시회(MEDevice) [MEDevice Boston],MEDevice Boston,2027-08-01,2027-08-31,Y,,,미국,보스턴,오프라인,Boston Convention & Exhibition Center,"의료기기 산업의 제품 개발, 설계, 제조, 규제, 투자, 혁신 기술 등을 중심으로 한 2일짜리 엑스포 + 교육 컨퍼런스로, 엔지니어, 사업 리더, 바이오텍/제약 관계자, 규제/품질 전문가 등이 모여 최신 기술 동향, 시장 기회, 인증/승인 절차 및 실제 제품 상용화 케이스 등을 공유하고 네트워킹하는 자리. 2022년까지는 BIOMEDevice Boston라는 이름으로 운영되어 왔으며, 2023년부터 새로운 이름으로 리브랜딩됨.",,"제품 설계 & 개발, 제조 공정 및 공급망, 규제 및 인증, 혁신 기술, 시장 트렌드 등",150000,sqft (ft²),"의료&제약, 바이오","★ 본 전시회는 주최 측의 사정에 따라 개최 일자 또는 개최 여부가 변동될 수 있으므로 전시회 참가 및 참관 전 반드시 주최자 또는 전시장으로 사전문의 바랍니다.

- 추후 전년도 성과 업데이트 예정

- 차년도 개최 일정은 현재까지 확정 및 공지되지 않은 상태입니다.

",N,2027-08-01,8
923,2027,북미지역본부 뉴욕무역관,N,Coterie New York,2027 미국 뉴욕 추계 패션 코테리 전시회,,2027-09-01,2027-09-30,Y,,,미국,뉴욕,오프라인,Jacob K. Javits Convention Center,"세계 1위 전시 주최 기업인 인포마(Informa)가 주최하는 세계 최대 규모의 여성 럭셔리 패션 전문 전시회로, 여성 컬렉션, 스트리트 패션, 액티브웨어, 요가 컬렉션 및 패션 잡화 등 패션 산업 전반에 걸친 다양한 품목이 전시됨. 엄격한 사전 심사 과정을 통해 선별된 브랜드만이 출품할 수 있으며 전시 품목이 여성 고급 의류에 포커스가 맞춰져 있는 만큼 그에 상응하는 고급 의류, 액세서리 업체들이 한자리에 모임. 주요 방문객은 백화점, 셀렉샵, 쇼룸, 온라인 쇼핑몰 등 패션 산업 전문 바이어로 구성되어 있으며 실질적인 거래 및 비즈니스 환경이 제공됨",,"여성복, 남성복 패션, 주얼리, 섬유, 의류 부자재 등",150000,sqft (ft²),"쥬얼리, 패션&섬유","★본 전시회는 주최 측 사정에 따라 개최 일정 또는 개최 여부가 변경될 수 있으므로, 참가 및 참관 전 반드시 주최 측 또는 전시장에 사전 문의해 주시기 바랍니다. 

또한 주최 측에서는 전년도 참가 성과 관련 정보를 별도로 공개하지 않고 있음, 차년도 개최 일정 역시 현재까지 확정 및 공지되지 않은 상태입니다.",N,2027-09-01,9
927,2027,북미지역본부 뉴욕무역관,N,Tampa Bay Comic Convention ,2027 미국 플로리다 코믹콘 전시회,,2027-09-01,2027-09-30,Y,,,미국,플로리다,오프라인,Tampa Convention Center,"매년 미국 플로리다 주에서 열리는 대규모 미디어 엔터테인먼트 및 콘텐츠 전문 컨벤션으로 약 60,000명 이상의 참관객이 방문하며 만화 산업을 중심으로 애니메이션, 영화 등 다양한 엔터테인먼트 상품을 만나볼 수 있음. 관련 업계 전문가, 유명 인사와 팬이 함께 참여할 수 있는 다양한 이벤트가 제공되며 2000년대에 들어서면서부터 할리우드 영화 산업이 참여하게 되어 이를 중심으로 게임과 애니메이션, 완구, 문구, 캐릭터, 피겨 산업에 이르기까지 연관 산업의 복합적인 행사로 확대됨",,"애니메이션, 완구, 캐릭터 상품 등",150000,sqft (ft²),"문화콘텐츠&미디어, 문구&선물","★본 전시회는 주최 측 사정에 따라 개최 일정 또는 개최 여부가 변경될 수 있으므로, 참가 및 참관 전 반드시 주최 측 또는 전시장에 사전 문의해 주시기 바랍니다. 

또한 주최 측에서는 전년도 참가 성과 관련 정보를 별도로 공개하지 않고 있음, 차년도 개최 일정 역시 현재까지 확정 및 공지되지 않은 상태입니다.",N,2027-09-01,9
934,2027,북미지역본부 뉴욕무역관,N,2027 Cocntract Pharma Conference,2027 미국 뉴저지 의약품 전시회 [Cocntract Pharma Conference],Cocntract Pharma Conference,2027-09-01,2027-09-30,Y,,,미국,,오프라인,미정,"제약 및 바이오제약 산업에서 아웃소싱 서비스 제공자(CDMO, CMO), 제약 제조, 포장 및 실험실 서비스, 규제/품질/공정 개선 기술 등 다양한 외주 제약 활동을 망라하는 행사. 전시(tabletop) + 컨퍼런스 세션들이 포함돼 있고, 업계 전문가들이 최신 기술 트렌드, 우수 사례, 공급망(supply chain), 비용 절감, 효율성 및 품질 보증, 혁신적인 제조・포장 기술 등을 공유하고 비즈니스 협력의 기회를 만드는 기회임.",,"CMO, CDMO (API, 생물제제 등), 포장, 라벨링, 실험실 서비스 및 분석, 규제 및 품질보증 등",150000,sqft (ft²),"의료&제약, 바이오","★ 본 전시회는 주최 측의 사정에 따라 개최 일자 또는 개최 여부가 변동될 수 있으므로 전시회 참가 및 참관 전 반드시 주최자 또는 전시장으로 사전문의 바랍니다.

- 추후 전년도 성과 업데이트 예정

- 차년도 개최 일정은 현재까지 확정 및 공지되지 않은 상태입니다.",N,2027-09-01,9
941,2027,북미지역본부 워싱턴DC무역관,N,"2027 AFA Air, Space & Cyber Conference",2027 미국 메릴랜드 우주 항공 전시회 [AFA],AFA,2027-09-01,2027-09-30,Y,,,미국,메릴랜드,오프라인,Gaylord National Convention Center,"본 행사는 항공, 우주, 사이버와 관련하여 미국 공군 단체(AFA)에서 주최하고 있으며, 매년 10000명이 넘는 방문객과, 85개가 넘는 전시 부스와 스폰서, 90명이 넘는 유명인사들이 참여하며, 30개가 넘는 연설이 진행된다.",,"항공, 우주, 사이버 관련 제품 및 기술",62410,sqft (ft²),"방위산업, 항공&우주, 정보통신기술(IT)&S/W","★본 전시회는 주최측의 사정에 따라 개최일자 또는 개최여부가 변동될 수 있으므로 전시회 참가 및 참관 전 전시장으로 사전문의 바랍니다.



2027년 추가 전시정보 추후 업데이트 예정",N,2027-09-01,9
945,2027,북미지역본부 뉴욕무역관,N,The Rug Show,2027 미국 뉴욕 양탄자 전시회,,2027-09-01,2027-09-30,Y,,,미국,뉴욕,오프라인,Meadowlands Exposition Center,"업계 전문가로 이루어진 비영리 단체에서 매년 주최하는 양탄자, 러그 및 카펫 산업의 주요 행사로 프리미엄 브랜드를 포함한 다양한 업체가 참여하며 산업 트렌드를 파악하고 비즈니스 네트워킹 기회를 경험할 수 있음",,양탄자류와 천류,150000,sqft (ft²),"생활용품&가구, 패션&섬유","★본 전시회는 주최 측 사정에 따라 개최 일정 또는 개최 여부가 변경될 수 있으므로, 참가 및 참관 전 반드시 주최 측 또는 전시장에 사전 문의해 주시기 바랍니다. 

또한 주최 측에서는 전년도 참가 성과 관련 정보를 별도로 공개하지 않고 있음, 차년도 개최 일정 역시 현재까지 확정 및 공지되지 않은 상태입니다.



현재 2027년도 상세 일정 및 전시장 정보는 아직 공식 홈페이지에 업데이트 되지 않았습니다. ",N,2027-09-01,9
951,2027,북미지역본부 뉴욕무역관,N,Make Up in New York,2027 미국 뉴욕 메이크업 전시회,,2027-09-01,2027-09-30,Y,,,미국,뉴욕,오프라인,Jacob K. Javits Convention Center,"뉴욕, 로스앤젤레스, 파리 등 전 세계 주요 도시에서 매년 개최되는 뷰티·메이크업 전문 B2B 전시회로 색조 화장품, 스킨케어 제품, 화장품 패키징 및 도구 등을 전문으로 하는 뷰티 관련 업체들과 연구원, 마케팅 담당자, 디자이너, 뷰티 블로거 등 다양한 업계 관계자 및 전문가가 참여하며 특히 제조 관련 비즈니스와 제조업체의 참여가 높음. 최신 제품과 함께 업계 트렌드를 확인할 수 있으며 네트워킹 및 비즈니스 협력 기회를 경험할 수 있음",,"스킨케어 제품, 색조 화장품, 메이크업 도구, 화장품 포장 용기 등",150000,sqft (ft²),뷰티&미용용품,"★본 전시회는 주최 측 사정에 따라 개최 일정 또는 개최 여부가 변경될 수 있으므로, 참가 및 참관 전 반드시 주최 측 또는 전시장에 사전 문의해 주시기 바랍니다. 

또한 주최 측에서는 전년도 참가 성과 관련 정보를 별도로 공개하지 않고 있음, 차년도 개최 일정 역시 현재까지 확정 및 공지되지 않은 상태입니다.",N,2027-09-01,9
958,2027,북미지역본부 시카고무역관,N,FABTECH 2027,2027 미국 시카고 금형 및 용접 전시회 ,FABTECH,2027-09-13,2027-09-16,N,,,미국,시카고,오프라인,McCormick Place,"북미 최대의 금속 성형, 제작, 용접 및 마감 전시회. FABTECH는 세계적 수준의 공급 업체를 만나볼 수 있으며 최신 산업 제품을 볼 수 있는 편리한 'one stop shop' 장소를 제공함.  금속 성형, 제작, 용점 및 마감에 대한 개발, 생산성 향상 및 수익 증대를 위한 도구로 알맞은 전시회","북미 최대의 금속 성형, 제작, 용접 및 마감 전시회. FABTECH는 세계적 수준의 공급 업체를 만나볼 수 있으며 최신 산업 제품을 볼 수 있는 편리한 'one stop shop' 장소를 제공함.  금속 성형, 제작, 용점 및 마감에 대한 개발, 생산성 향상 및 수익 증대를 위한 도구로 알맞은 전시회","적층 제조 / 3D 프린팅,아크 용접,어셈블리,오토메이션,굽힘 및 성형,브레이징 및 납땜,회사 서비스,코일 처리,절단,고정 및 결합,마감 / 페인트 및 분말 코팅,마무리 / 도금,가스 및 가스 장비,하이드로 포밍,검사 및 테스트,Job Shop / 계약 제조,레이저,유지 보수 및 수리,자재 취급,금속 공급자,플레이트 및 구조 제작,프레스 브레이크,펀칭,저항 용접,로봇 공학,롤 포밍,안전 및 환경,톱,소프트웨어, 기계 제어,스탬핑,용사,도구 및 다이,압형,튜브 및 파이프 제작 또는 용접,튜브 및 파이프 생산,워터젯,용접 소모품,용접기",0,sqm(㎡),기타,,N,2027-09-13,9
964,2027,북미지역본부 뉴욕무역관,N,2027 COTERIE- Women's Fashion Show in New York ,2027 미국 뉴욕 추계 패션 코테리 전시회,COTERIE,2027-09-15,2027-09-17,N,,,미국,뉴욕,오프라인,Jacob K. Javits Convention Center,0,"미국 뉴욕 코트리 국제패션박람회는 세계 1위 전시주최기업인 Informa가 개최하는 세계 최대 규모의 여성럭셔리패션 전문전시회로 주최측의 엄격한 사전 심사과정을 통해 선별된 브랜드들만이 출품이 가능함. 선발과정이 매우 업격하고 권위가 있어 미국의 주요백화점들에 입점시에 각 백화점들은 코트리 참가실적들을 중요하게 평가함. 전체 방문 바이어들 중 80% 이상이 백화점, 셀렉샵, 온라인 쇼핑몰,  쇼룸 등 실질적인 패션 유통전문 바이어들로 전시회 주최측이 등급별로 관리 및 초청하는 VIBR(Very Important Buyer Relationship) 프로그램을 운영하고 있으며, 실질적인 거래 및 비즈니스 환경을 제공하기위해 다양한 편의시설과 프로그램을 운영함","여성 패션의류, 잡화 (액세사리, 가방), 패션 쥬얼리 등",150000,sqft (ft²),패션&섬유,0,N,2027-09-15,9
970,2027,북미지역본부 시카고무역관,N,The Water Quality Event 2027,2027 미국 시카고 수질환경기술 전시회,WEFTEC,2027-09-27,2027-09-29,N,,,미국,시카고,오프라인,McCormick Place,"매년 북미에서 열리는 가장 큰 수질전시회로, 국내 물기업의 단체 홍보관 구성을 통한 인지도 및 수출실적 제고 효과가 기대된다. o 2023년 기준 870개 전시기업 참가, 30개국 이상에서의 550명의 글로벌 대표단 참석, 17개 워크숍·136개 기술 세션에 650명 이상 참석, 21,000명 이상의 참관객을 기록하는 세계적인 규모의 전시회이다.","매년 북미에서 열리는 가장 큰 수질전시회로, 국내 물기업의 단체 홍보관 구성을 통한 인지도 및 수출실적 제고 효과가 기대된다. o 2023년 기준 870개 전시기업 참가, 30개국 이상에서의 550명의 글로벌 대표단 참석, 17개 워크숍·136개 기술 세션에 650명 이상 참석, 21,000명 이상의 참관객을 기록하는 세계적인 규모의 전시회이다.","수질환경 화학약품, 운송/수송 시스템, 환경 관련 컨설팅, 수질정화기계, 상하수도 파이프 등",0,sqm(㎡),기타,,N,2027-09-27,9
988,2027,북미지역본부 뉴욕무역관,N,New York Vet Show,2027 미국 뉴욕 수의학 전시회 [NY VET],NY VET,2027-10-01,2027-10-31,Y,,,미국,뉴욕,오프라인,Jacob K. Javits Convention Center,"매년 미국 뉴욕에서 열리는 수의학 분야 전문 컨퍼런스로, 수의사 및 수의학 기술자 등 수의학 전문가와 동물 관련 산업 전문가들이 참여하며, 교육 세션, 세미나, 전시 부스, 기술 시연 등 다양한 프로그램을 통해 관련 제품 및 최신 수의학 기술과 업계 동향에 대한 정보와 함께 비즈니스 협력 및 네트워킹 기회를 제공함",,"수의학, 펫(Pet) 산업 관련 제품",150000,sqft (ft²),"의료&제약, 동물&애완용품","★본 전시회는 주최 측 사정에 따라 개최 일정 또는 개최 여부가 변경될 수 있으므로, 참가 및 참관 전 반드시 주최 측 또는 전시장에 사전 문의해 주시기 바랍니다. 

또한 주최 측에서는 전년도 참가 성과 관련 정보를 별도로 공개하지 않고 있음, 차년도 개최 일정 역시 현재까지 확정 및 공지되지 않은 상태입니다.",N,2027-10-01,10
989,2027,북미지역본부 뉴욕무역관,N,MD&M Midwest,2027 미국 미네아폴리스 포장 전시회 [MD&M Midwest],MD&M Midwest,2027-10-01,2027-10-31,Y,,,미국,미네아폴리스,오프라인,Minneapolis Convention Center,"매년 미국 미네소타주 미니애폴리스에서 열리는 대규모 포장 및 가공 산업 관련 행사로 다양한 업계 전문가가 참여하며 포장 기술, 기계, 재료 및 서비스에 대한 최신 정보를 얻을 수 있음. 패키징 재료부터 패키징 디자인, 자동화, 턴키 패키징 공정까지 아우르는 패키징 전문 전시회",,"패캐징 재료, 디자인, 자동화/턴키 패캐징 기계",150000,sqft (ft²),"환경&폐기물, 유리&광학, 기타","★본 전시회는 주최 측 사정에 따라 개최 일정 또는 개최 여부가 변경될 수 있으므로, 참가 및 참관 전 반드시 주최 측 또는 전시장에 사전 문의해 주시기 바랍니다. 

또한 주최 측에서는 전년도 참가 성과 관련 정보를 별도로 공개하지 않고 있음, 차년도 개최 일정 역시 현재까지 확정 및 공지되지 않은 상태입니다.",N,2027-10-01,10
990,2027,북미지역본부 실리콘밸리무역관,N,2027 TechCrunch Disrupt,2027 미국 샌프란시스코 스타트업 전시회,.,2027-10-01,2027-10-31,N,,,미국,샌프란시스코,오프라인,Moscone Convention Center,"- 혁신적인 기술 솔루션을 통해 비즈니스의 가장 큰 도전에 대응하는 것을 강조   - 사업확장, 영업, 리더십에 대한 세션에 참여를 독려하고 비즈니스를 한 단계 더 발전시키는데 도움을 줄 투자자 및 기술 전문가들과의 소통 기회 제공   - 스타트업 발전 관련 리소스, 네트워크, 전문가의 인사이트 제공으로 사업 운영에 대한 다양한 방식 안내","- 혁신적인 기술 솔루션을 통해 비즈니스의 가장 큰 도전에 대응하는 것을 강조   - 사업확장, 영업, 리더십에 대한 세션에 참여를 독려하고 비즈니스를 한 단계 더 발전시키는데 도움을 줄 투자자 및 기술 전문가들과의 소통 기회 제공   - 스타트업 발전 관련 리소스, 네트워크, 전문가의 인사이트 제공으로 사업 운영에 대한 다양한 방식 안내","인공지능(AI), AR/VR, 블록체인, 기후기술, 핀테크, 헬스케어, 바이오테크, 모빌리티, 보안, 로보틱스, 항공우주 등",9000,sqm(㎡),기타,,N,2027-10-01,10
991,2027,북미지역본부 뉴욕무역관,N,The Event Planner Expo,2027 미국 뉴욕 이벤트 플래너 전시회,,2027-10-01,2027-10-31,Y,,,미국,뉴욕,오프라인,Metropolitan Pavilian,"3일간 진행되는 전시 기간 동안 약 2,500명 이상의 참관객이 참여하는 이벤트 산업의 주요 행사로 세계적인 이벤트, 마케팅 및 PR 분야 전문가와 인플루언서가 참가하며 업계 관련 최신 정보 및 트렌드와 함께 비즈니스 협력 기회를 제공함",,"이벤트 플래닝, 케이터링, 엔터테인먼트, 마케팅 관련 서비스 및 제품",150000,sqft (ft²),"기타, 금융&비즈니스서비스","★본 전시회는 주최 측 사정에 따라 개최 일정 또는 개최 여부가 변경될 수 있으므로, 참가 및 참관 전 반드시 주최 측 또는 전시장에 사전 문의해 주시기 바랍니다. 

또한 주최 측에서는 전년도 참가 성과 관련 정보를 별도로 공개하지 않고 있음, 차년도 개최 일정 역시 현재까지 확정 및 공지되지 않은 상태입니다.",N,2027-10-01,10
992,2027,북미지역본부 뉴욕무역관,N,Fall Westchester County Home Show,2027 미국 뉴욕 주택 전시회,,2027-10-01,2027-10-31,Y,,,미국,뉴욕,오프라인,Westchester County Center,"매년 가을 미국 뉴욕주 웨스트체스터 카운티에서 열리는 대규모 홈 전문 전시회로 다양한 분야의 전문 업체들이 참여하여 주택 개조, 바닥재, 창문, 욕조 및 스파, 홈 보안 시스템, 난방 시스템 등 주택 및 주거 인테리어와 라이프스타일 전반에 걸친 다양한 제품 및 서비스를 선보이며 또한 건축가, 인테리어 디자이너, 조경가 등 다양한 전문가들이 상담을 제공함",,"실내장식, 건축 재료, 조경 관리, 태양 에너지 제품, 창문, 지붕, 보안 시스템, 욕실 가구, 계단 등의 홈 관련 제품 및 서비스",150000,sqft (ft²),"기계&장비, 환경&폐기물, 전력&에너지, 건축&기자재, 생활용품&가구","★본 전시회는 주최 측 사정에 따라 개최 일정 또는 개최 여부가 변경될 수 있으므로, 참가 및 참관 전 반드시 주최 측 또는 전시장에 사전 문의해 주시기 바랍니다. 

또한 주최 측에서는 전년도 참가 성과 관련 정보를 별도로 공개하지 않고 있음, 차년도 개최 일정 역시 현재까지 확정 및 공지되지 않은 상태입니다.",N,2027-10-01,10
993,2027,북미지역본부 뉴욕무역관,N,New York Comic Con,2027 미국 뉴욕 코믹콘 전시회 [Comic Con],Comic Con,2027-10-01,2027-10-31,Y,,,미국,뉴욕,오프라인,Jacob K. Javits Convention Center,"매년 ReedPop이 주최하는 만화, 영화, 애니메이션, TV 시리즈, 게임 산업 관련 최대 이벤트로 업계 종사자와 전 세계 팬이 함께 소통하며 팝 컬쳐 및 엔터테인먼트를 체험할 수 있는 미국 동부 최대 규모의 엔터테인먼트 박람회이자 서브 컬쳐의 메카. 특히 뉴욕 코믹콘은 전 세계 여러 국가에서 펼쳐지는 코믹콘 행사 가운데에서도 최고 수준의 규모와 화제성을 자랑하는 주요 행사로 다양한 업계 전문가와 콘텐츠 제작 관련 사업의 종사자가 참여함. 세계 최대 콘텐츠 시장인 북미 시장에서의 인지도 확대 및 다양한 콘텐츠 파생상품 관련 사업 발굴 기회가 될 수 있음",,"만화, 영화, 비디오 게임, TV시리즈, 등의 콘텐츠 상품",150000,sqft (ft²),"기타, 문화콘텐츠&미디어","★본 전시회는 주최 측 사정에 따라 개최 일정 또는 개최 여부가 변경될 수 있으므로, 참가 및 참관 전 반드시 주최 측 또는 전시장에 사전 문의해 주시기 바랍니다. 

또한 주최 측에서는 전년도 참가 성과 관련 정보를 별도로 공개하지 않고 있음, 차년도 개최 일정 역시 현재까지 확정 및 공지되지 않은 상태입니다.",N,2027-10-01,10
1001,2027,북미지역본부 실리콘밸리무역관,N,2027 TechCrunch Disrupt,미국 샌프란시스코 스타트업 전시회,TechCrunch Disrupt,2027-10-01,2027-10-31,N,,,미국,샌프란시스코,오프라인,Moscone Convention Center,"- 혁신적인 기술 솔루션을 통해 비즈니스의 가장 큰 도전에 대응하는 것을 강조   - 사업확장, 영업, 리더십에 대한 세션에 참여를 독려하고 비즈니스를 한 단계 더 발전시키는데 도움을 줄 투자자 및 기술 전문가들과의 소통 기회 제공   - 스타트업 발전 관련 리소스, 네트워크, 전문가의 인사이트 제공으로 사업 운영에 대한 다양한 방식 안내","- 혁신적인 기술 솔루션을 통해 비즈니스의 가장 큰 도전에 대응하는 것을 강조   - 사업확장, 영업, 리더십에 대한 세션에 참여를 독려하고 비즈니스를 한 단계 더 발전시키는데 도움을 줄 투자자 및 기술 전문가들과의 소통 기회 제공   - 스타트업 발전 관련 리소스, 네트워크, 전문가의 인사이트 제공으로 사업 운영에 대한 다양한 방식 안내","인공지능(AI), AR/VR, 블록체인, 기후기술, 핀테크, 헬스케어, 바이오테크, 모빌리티, 보안, 로보틱스, 항공우주 등",9000,sqm(㎡),기타,,N,2027-10-01,10
1002,2027,북미지역본부 실리콘밸리무역관,N,2027 TechCrunch Disrupt,미국 샌프란시스코 스타트업 전시회,TechCrunch Disrupt,2027-10-01,2027-10-31,N,,,미국,샌프란시스코,오프라인,Moscone Convention Center,"- 혁신적인 기술 솔루션을 통해 비즈니스의 가장 큰 도전에 대응하는 것을 강조   - 사업확장, 영업, 리더십에 대한 세션에 참여를 독려하고 비즈니스를 한 단계 더 발전시키는데 도움을 줄 투자자 및 기술 전문가들과의 소통 기회 제공   - 스타트업 발전 관련 리소스, 네트워크, 전문가의 인사이트 제공으로 사업 운영에 대한 다양한 방식 안내","- 혁신적인 기술 솔루션을 통해 비즈니스의 가장 큰 도전에 대응하는 것을 강조   - 사업확장, 영업, 리더십에 대한 세션에 참여를 독려하고 비즈니스를 한 단계 더 발전시키는데 도움을 줄 투자자 및 기술 전문가들과의 소통 기회 제공   - 스타트업 발전 관련 리소스, 네트워크, 전문가의 인사이트 제공으로 사업 운영에 대한 다양한 방식 안내","인공지능(AI), AR/VR, 블록체인, 기후기술, 핀테크, 헬스케어, 바이오테크, 모빌리티, 보안, 로보틱스, 항공우주 등",9000,sqm(㎡),기타,,N,2027-10-01,10
1003,2027,북미지역본부 실리콘밸리무역관,N,2027 TechCrunch Disrupt,미국 샌프란시스코 스타트업 전시회,TechCrunch Disrupt,2027-10-01,2027-10-31,N,,,미국,샌프란시스코,오프라인,Moscone Convention Center,"- 혁신적인 기술 솔루션을 통해 비즈니스의 가장 큰 도전에 대응하는 것을 강조   - 사업확장, 영업, 리더십에 대한 세션에 참여를 독려하고 비즈니스를 한 단계 더 발전시키는데 도움을 줄 투자자 및 기술 전문가들과의 소통 기회 제공   - 스타트업 발전 관련 리소스, 네트워크, 전문가의 인사이트 제공으로 사업 운영에 대한 다양한 방식 안내","- 혁신적인 기술 솔루션을 통해 비즈니스의 가장 큰 도전에 대응하는 것을 강조   - 사업확장, 영업, 리더십에 대한 세션에 참여를 독려하고 비즈니스를 한 단계 더 발전시키는데 도움을 줄 투자자 및 기술 전문가들과의 소통 기회 제공   - 스타트업 발전 관련 리소스, 네트워크, 전문가의 인사이트 제공으로 사업 운영에 대한 다양한 방식 안내","인공지능(AI), AR/VR, 블록체인, 기후기술, 핀테크, 헬스케어, 바이오테크, 모빌리티, 보안, 로보틱스, 항공우주 등",9000,sqm(㎡),기타,,N,2027-10-01,10
1004,2027,북미지역본부 실리콘밸리무역관,N,2027 TechCrunch Disrupt,미국 샌프란시스코 스타트업 전시회,TechCrunch Disrupt,2027-10-01,2027-10-31,N,,,미국,샌프란시스코,오프라인,Moscone Convention Center,"- 혁신적인 기술 솔루션을 통해 비즈니스의 가장 큰 도전에 대응하는 것을 강조   - 사업확장, 영업, 리더십에 대한 세션에 참여를 독려하고 비즈니스를 한 단계 더 발전시키는데 도움을 줄 투자자 및 기술 전문가들과의 소통 기회 제공   - 스타트업 발전 관련 리소스, 네트워크, 전문가의 인사이트 제공으로 사업 운영에 대한 다양한 방식 안내","- 혁신적인 기술 솔루션을 통해 비즈니스의 가장 큰 도전에 대응하는 것을 강조   - 사업확장, 영업, 리더십에 대한 세션에 참여를 독려하고 비즈니스를 한 단계 더 발전시키는데 도움을 줄 투자자 및 기술 전문가들과의 소통 기회 제공   - 스타트업 발전 관련 리소스, 네트워크, 전문가의 인사이트 제공으로 사업 운영에 대한 다양한 방식 안내","인공지능(AI), AR/VR, 블록체인, 기후기술, 핀테크, 헬스케어, 바이오테크, 모빌리티, 보안, 로보틱스, 항공우주 등",9000,sqm(㎡),기타,,N,2027-10-01,10
1011,2027,북미지역본부 뉴욕무역관,N,New York City Jewelry & Watch Show,2027 미국 뉴욕 쥬얼리 & 워치 전시회,,2027-10-01,2027-10-31,Y,,,미국,뉴욕,오프라인,Metropolitan Pavilian,"매년 미국 뉴욕에서 개최되는 주얼리 & 시계 전문 전시회로 다양한 브랜드와 디자이너 및 업계 전문가가 참여하며 일반 대중에게도 공개됨. 고급 주얼리부터 패션 주얼리, 시계 및 패션 액세서리를 포함한 다양한 제품을 만나볼 수 있으며 참가자는 주얼리 & 시계 산업의 최신 디자인 트렌드 및 시장 동향에 대한 통찰을 얻을 수 있음",,"고급 주얼리, 앤티크 주얼리, 패션 주얼리, 시계, 귀금속, 보석, 액세서리 등",150000,sqft (ft²),쥬얼리,"★본 전시회는 주최 측 사정에 따라 개최 일정 또는 개최 여부가 변경될 수 있으므로, 참가 및 참관 전 반드시 주최 측 또는 전시장에 사전 문의해 주시기 바랍니다. 

또한 주최 측에서는 전년도 참가 성과 관련 정보를 별도로 공개하지 않고 있음, 차년도 개최 일정 역시 현재까지 확정 및 공지되지 않은 상태입니다.",N,2027-10-01,10
1017,2027,북미지역본부 뉴욕무역관,N,NAB Show New York,2027 미국 뉴욕 방송장비 전시회 [NAB],NAB,2027-10-01,2027-10-31,Y,,,미국,뉴욕,오프라인,Jacob K. Javits Convention Center,"매년 미국방송협회(National Association of Broadcasters)가 라스베가스와 뉴욕, 두 도시에서 개최하는 세계적인 규모의 방송 장비 전시회로 TV, 영화, 콘텐츠, IP, 5G, 스트리밍, 비디오 관련 다양한 기업이 참여함. 미디어, 방송 장비, 엔터테인먼트 관련 업계의 주요 행사인 만큼 영상 관련 산업(TV, 영화, 광고, 온라인 비디오 등)에 초점을 맞춘 세미나 및 워크숍을 통해 차세대 기술 및 산업 동향에 대한 정보를 제공함",,"방송 장비, 스트리밍 관련 기술 및 제품 등",150000,sqft (ft²),문화콘텐츠&미디어,"★본 전시회는 주최 측 사정에 따라 개최 일정 또는 개최 여부가 변경될 수 있으므로, 참가 및 참관 전 반드시 주최 측 또는 전시장에 사전 문의해 주시기 바랍니다. 

또한 주최 측에서는 전년도 참가 성과 관련 정보를 별도로 공개하지 않고 있음, 차년도 개최 일정 역시 현재까지 확정 및 공지되지 않은 상태입니다.",N,2027-10-01,10
1019,2027,북미지역본부 뉴욕무역관,N,2027 World Drug Safety Congress Americas,2027 미국 보스턴 의약품 전시회 [World Drug Safety Congress Americas],World Drug Safety Congress Americas,2027-10-01,2027-10-31,Y,,,미국,보스턴,오프라인,Boston Convention & Exhibition Center,"약물 안전 및 약물 감시의 최신 과제, 규제, 실무, 과학 기술 혁신 등을 다루는 전문 국제 행사. 초기 임상 안전 평가부터 시판 후 안전성 모니터링, 환자 중심 관점, AI/자동화, 실제 데이터 등을 통한 위험 식별 및 관리, 규제기관 및 업계 간 협력, 품질 보증(QA) 및 컴플라이언스 문제 등이 논의됨. 컨퍼런스 + 전시 + 네트워킹 프로그램 등이 포함됨.",,"규제 및 정책, AI, 자동화, 임상 데이터, 빅데이터, 고급 치료제 및 백신 안정성 등",150000,sqft (ft²),"의료&제약, 바이오","★ 본 전시회는 주최 측의 사정에 따라 개최 일자 또는 개최 여부가 변동될 수 있으므로 전시회 참가 및 참관 전 반드시 주최자 또는 전시장으로 사전문의 바랍니다.

- 추후 전년도 성과 업데이트 예정

- 차년도 개최 일정은 현재까지 확정 및 공지되지 않은 상태입니다.",N,2027-10-01,10
1024,2027,북미지역본부 워싱턴DC무역관,N, 2027 Annual Meeting & Exposition [AUSA],2027 미국 워싱턴 육군 전시회 [AUSA],AUSA,2027-10-11,2027-10-13,N,,,미국,워싱턴,오프라인,Walter E Washington Convention Center,"본 행사는 해마다 총 3일에 걸쳐 주최되는 미 육군 전시회로써, 매년 미국 육군 조직들을 포함하여 군사, 군대와 관련한 다양한 기업들이 함께 참여하고 있다. 본 행사를 통하여 참가자들에게 확장된 규모의 소통장을 만들어 주고, 관련 업체와 그룹간에 새로운 파트너쉽과 미팅을 주선해 주는 것에 목적을 두고 있다. 또한 네트워킹을 통하여 새로운 정보와 글로벌한 시장조사를 할 수 있는 기회가 되며, 효과적으로 마케팅 할 수 있는 기회 또한 얻을 수 있다. 더불어, 한 공간에서 수 백개의 잠재 파트너들을 만나는 행사임으로, 참가 업체들에게 출장을 다니며 새로운 업체를 만나야 하는 시간과 비용을 절감 시켜준다.",,"우주, 항공, 방산, 보안 등 방위산업 관련 제품 일체",500000,sqft (ft²),"항공&우주, 방위산업, 정보통신기술(IT)&S/W",★ 본 전시회는 주최측의 사정에 따라 개최일자 또는 개최 여부가 변동될 수 있으므로 전시회 참가 및 참관 전 반드시 주최자 또는 전시장으로 사전문의 바랍니다.,N,2027-10-11,10
1027,2027,북미지역본부 시카고무역관,N,NECA Convention & Trade Show 2027,2027 미국 인디애나폴리스 전기공사 전시회,NECA,2027-10-16,2027-10-19,N,,,미국,인디애나폴리스,오프라인,Indiana Convention Center,"전기공사 업계 대표 전시로 “전력·조명·통신(Power, Light & Communication Technology)” 전 분야를 다루는 연례 B2B 쇼. 전기공사 업계 리더들이 신제품·솔루션을 직접 보고(“see, touch and talk”) 비즈니스 논의를 하는 자리","전기공사 업계 대표 전시로 “전력·조명·통신(Power, Light & Communication Technology)” 전 분야를 다루는 연례 B2B 쇼. 전기공사 업계 리더들이 신제품·솔루션을 직접 보고(“see, touch and talk”) 비즈니스 논의를 하는 자리",T&D 중심(변전·배전 장비 위주) 혹은 상업빌딩 전력 중심,0,sqm(㎡),기타,,N,2027-10-16,10
1065,2027,북미지역본부 뉴욕무역관,N,TCS New York City Marathon Expo,2027 미국 뉴욕 마라톤 전시회 [TCS],TCS,2027-11-01,2027-11-30,Y,,,미국,뉴욕,오프라인,Jacob K. Javits Convention Center,"미국 내 최대 규모의 러닝 엑스포 중 하나로, New York Road Runners와 세계적인 스포츠 브랜드인 뉴발란스가 주관하며 매년 11월 첫째 주 일요일 맨해튼에서 열리는 뉴욕 마라톤 대회 전 3일 동안 진행됨. 마라톤 대회 관련 정보를 제공하고 건강·피트니스·스포츠 관련 업체와 전문가가 참여하여 마라톤 및 러닝 관련 장비를 포함한 다양한 서비스와 제품을 선보임",,"스포츠 의류 및 장비, 의약품을 포함한 건강·피트니스·스포츠 관련 제품",150000,sqft (ft²),"레저&관광, 건강&스포츠, 기계&장비","★본 전시회는 주최 측 사정에 따라 개최 일정 또는 개최 여부가 변경될 수 있으므로, 참가 및 참관 전 반드시 주최 측 또는 전시장에 사전 문의해 주시기 바랍니다. 

또한 주최 측에서는 전년도 참가 성과 관련 정보를 별도로 공개하지 않고 있음, 차년도 개최 일정 역시 현재까지 확정 및 공지되지 않은 상태입니다.",N,2027-11-01,11
1068,2027,북미지역본부 뉴욕무역관,N,Snowbound Expo ,"2027 미국 보스턴 스키, 스노우보드 전시회",,2027-11-01,2027-11-30,Y,,,미국,커네티컷,오프라인,Mohegan Sun,"매년 보스턴에서 열리는 겨울 스포츠 및 아웃도어 전문 전시회였으나 2025년부터 커네티컷으로 개최 장소를 옮겼으며, 겨울 시즌 대표 스포츠인 스키·스노보드 관련 제품 포함, 얼음낚시, 겨울 캠핑 등 다양한 겨울 스포츠와 관련된 제품과 서비스가 전시됨. 최신 장비와 기술을 체험할 수 있으며 전문가가 진행하는 세미나와 워크숍에 참여하여 유익한 정보를 얻을 수 있음",,"스키 및 스노우보드 장비, 옷, 얼음낚시 용품, 겨울 캠핑 용품",150000,sqft (ft²),"생활용품&가구, 레저&관광, 패션&섬유, 건강&스포츠","★본 전시회는 주최 측 사정에 따라 개최 일정 또는 개최 여부가 변경될 수 있으므로, 참가 및 참관 전 반드시 주최 측 또는 전시장에 사전 문의해 주시기 바랍니다. 

또한 주최 측에서는 전년도 참가 성과 관련 정보를 별도로 공개하지 않고 있음, 차년도 개최 일정 역시 현재까지 확정 및 공지되지 않은 상태입니다.",N,2027-11-01,11
1069,2027,북미지역본부 뉴욕무역관,N,Boutique Design New York ,2027 미국 뉴욕 부띠끄 디자인 전시회 [BDNY],BDNY,2027-11-01,2027-11-30,Y,,,미국,뉴욕,오프라인,Jacob K. Javits Convention Center,"매년 뉴욕에서 개최되는 호스피탈리티 산업 디자인·인테리어 전문 전시회로 부티크 호텔 브랜드, 디자인 브랜드, 제조업체 등 관련 업체와 호텔리어, 건축가, 디자이너, 바이어 등 다양한 업계 관계자를 대상으로 개최되며 하이엔드 수준의 디자인 및 최신 트렌드를 선보이고 비즈니스 확장 및 네트워킹 기회를 제공함",,"생활용품&가구, 문구&선물, 기타",150000,sqft (ft²),"건축&기자재, 기타, 생활용품&가구","★본 전시회는 주최 측 사정에 따라 개최 일정 또는 개최 여부가 변경될 수 있으므로, 참가 및 참관 전 반드시 주최 측 또는 전시장에 사전 문의해 주시기 바랍니다. 

또한 주최 측에서는 전년도 참가 성과 관련 정보를 별도로 공개하지 않고 있음, 차년도 개최 일정 역시 현재까지 확정 및 공지되지 않은 상태입니다.",N,2027-11-01,11
1078,2027,북미지역본부 시카고무역관,N,Radiological Society of North America 2027,2027 미국 시카고 방사선 의료기기 전시회 [RSNA],RSNA,2027-11-14,2027-11-18,N,,,미국,시카고,오프라인,McCormick Place,"국제 방사선 의료기기 및 관련 부품, 소프트웨어 등 AI 기반 방사선 기기 제품 홍보",,방사선 의료기기 및 관련 소프트웨어 등 AI 기반 방사선 기기,364000,sqm(㎡),"의료&제약, 기계&장비, 국가종합전시회","★ 본 전시회는 주최 측의 사정에 따라 개최일자 또는 개최 여부가 변동될 수 있으므로 전시회 참가 및 참관 전 반드시 주최자 또는 전시장으로 사전문의 바랍니다.



★  전년도 참가성과 추후 업데이트 예정 ",N,2027-11-14,11
1091,2027,북미지역본부 뉴욕무역관,N,The International Boatbuilders Exhibition & Conference ,2027 미국 플로리다 보트 전시회 [IBEX],IBEX,2027-12-07,2027-12-09,N,,,미국,플로리다,오프라인,Tampa Convention Center,"북미 최대 규모의 보트 장비 전시 및 해양 기술 전문 행사로 매해 약 8,000명 이상의 참관객과 700개 이상의 업체가 참가하며 선박 엔진, 위성 항법 장치, 프로펠러, 선박 소재 등 다양한 부품 및 장비 등이 출품되고 컨퍼런스와 이벤트 등 관련 전문 프로그램이 제공됨. 해양 산업의 주요 행사로서, 해양 건축가, 디자이너, 도매업자 등 다양한 업계 전문가가 참여하며 또한 네트워킹 및 비즈니스 협력 기회를 확장할 수 있음",,"보트, 보트 부품 및 장비, 기계 장치, , 해양 기술 장비 등",150000,sqft (ft²),"기타, 조선&플랜트","★본 전시회는 주최 측 사정에 따라 개최 일정 또는 개최 여부가 변경될 수 있으므로, 참가 및 참관 전 반드시 주최 측 또는 전시장에 사전 문의해 주시기 바랍니다. 

또한 주최 측에서는 전년도 참가 성과 관련 정보를 별도로 공개하지 않은 상태입니다.",N,2027-12-07,12
